url,title,views,likes,dislikes,channel_name,publish_date,channel_subscriber_count
https://www.youtube.com/watch?v=Jy1zJR2rxRQ,IND VS BAN FINAL T-20 MATCH 2018 HIGHLIGHT :  DINESH KARTHIK - Last 2 Overs - 34 Runs in 12 Balls,19650501,115319,14622,The SAK Tv,Mar 18 2018,
https://www.youtube.com/watch?v=cDJC4Vfma-Y,World cup 2003 final India vs Australia »» Vintage SEHWAG - 82 off 81 balls,6643495,13558,4544,suhass997 Cricket,Jul 18 2016,173K
https://www.youtube.com/watch?v=Dh2G5c1MuuI,"Chris Gayle Batting Fastest Fifty, & Longest Six in Cricket History , 50 runs of 12 balls ( HD )",13188192,71855,9552,Atique Rahman,Oct 27 2016,
https://www.youtube.com/watch?v=1ogD0aIpe9s,10 Impossible Things That Only Lionel Messi Is Capable of Doing ● He Is A Super Human ● HD,18772882,112669,7953,NugoBasilaiaa,May 2 2017,487K
https://www.youtube.com/watch?v=rtx2uTkew4c,India vs Pakistan 2nd ODI 2005 Highlights | MS DHONI 148 Match | Dhoni 1st ODI Century,8169053,11970,4746,Darting Eagles,Nov 26 2016,211K
https://www.youtube.com/watch?v=9uwO7xAuxys,Top 10 Most Dangerous Airports in the World Air Craft Landing And Take Off,4426129,9000,2628,K TV,Dec 14 2017,206K
https://www.youtube.com/watch?v=-gImHMFmj_k,SACHIN vs McGrath - This is Why We call SACHIN - GOD OF CRICKET ( He reply with BAT ),8625654,30216,3700,CricketCloud,Dec 14 2016,368K
https://www.youtube.com/watch?v=oJF_AzhNNWk,7 Times Yuvraj Singh Looked Invincible In Cricket Field,633900,3984,324,WeSpeakCricket,Jul 3 2017,250K
https://www.youtube.com/watch?v=FbxQN2kqMTM,Best 50 Catches in Cricket Ever || Thanks for 50K Subcribers ||,9160458,37349,4851,RangeRIX,Sep 17 2017,259K
https://www.youtube.com/watch?v=pmToiLGmZoc,Top 3 Hat tricks by Indian Players !!!,9489605,43335,3484,I Love Cricket,Aug 1 2016,709K
https://www.youtube.com/watch?v=TdKgdVyJjJA,Highlights | BAN v IND | Asia Cup T20 FINAL | 2nd Innings,1026317,1613,432,Shahid Rassol,Mar 6 2016,2.7K
https://www.youtube.com/watch?v=5g9CLyeQchI,"Tamim Iqbal's Match Winning Century vs Pakistan (2nd ODI, 2015)",6501365,22100,2392,Rabbitholebd Sports,Sep 8 2016,484K
https://www.youtube.com/watch?v=BcqaM_jTo58,"Afridi abusing Dhoni and Dhoni's Epic Reply : 4,6,4,4,6,6,4 **NEVER MESS WITH MSD..!!!**",8886681,20490,3110,Darting Eagles,Feb 17 2017,211K
https://www.youtube.com/watch?v=G4JDmIQXpbI,10 Wickets in a Cricket Match by Anil Kumble ●► W W W W W W W W W W,4542817,18560,1375,cRiCkEt cRaZe,May 14 2016,139K
https://www.youtube.com/watch?v=MAzaJ9go2Jg,six sixes and presentation of yuvi.divx,531193,5512,124,Abhinav Tagra,May 5 2012,994
https://www.youtube.com/watch?v=k4gMDoT1i7s,Most Stupid Ways to Get RUNOUT In Cricket - Part 2 - LOL - Don't Miss!,2234983,6638,1296,TK TV,Dec 29 2017,230K
https://www.youtube.com/watch?v=A8TPQAdWwBQ,Best Catches in Cricket History! Best Acrobatic Catches! PART-2 (Please comment the best catch),15570425,40473,6781,CricketCloud,Aug 25 2016,368K
https://www.youtube.com/watch?v=bJyDFT5uUqk,"Sehwag 4,4,4,4,4,4,4,4,4,4,4,4,4,4,4,4,4,4,4,4,4,4,4 vs Pakistan | Destructive Innings",1429201,4927,1410,WeSpeakCricket,Nov 30 2017,250K
https://www.youtube.com/watch?v=t8cziHtoKPU,india pakistan bowl out,3064529,21501,2248,Rajesh Vasanth,Aug 17 2009,12K
https://www.youtube.com/watch?v=MrsRN07EnJw,The King Of Swing At His Best: Anderson Takes Brilliant 7-43 v New Zealand 2008 - Full Highlights,1414941,10879,583,England &amp Wales Cricket Board,Mar 26 2018,691K
https://www.youtube.com/watch?v=EqPtz5qN7HM,Eagles - Hotel California (Lyrics),185456536,511804,33613,Chili World,Oct 18 2015,419K
https://www.youtube.com/watch?v=tAGnKpE4NCI,Metallica - Nothing Else Matters [Official Music Video],317888467,1097357,70809,MetallicaTV,Oct 26 2009,3.5M
https://www.youtube.com/watch?v=kijpcUv-b8M,Queen - Somebody To Love (Official Video),112628894,467708,13946,Queen Official,Aug 7 2013,4.7M
https://www.youtube.com/watch?v=JkK8g6FMEXE,Aerosmith - I Don't Want to Miss a Thing (Video),135214917,881253,24177,Aerosmith,Jun 29 2014,1.6M
https://www.youtube.com/watch?v=JmcA9LIIXWw,Culture Club - Karma Chameleon,351692927,942324,54914,CultureClubVEVO,Feb 28 2009,161K
https://www.youtube.com/watch?v=vfWv7j4FIxQ,Guardians of The Galaxy Awesome Mix - Vol. 1 & Vol. 2 (Galaxy Soundtrack),3535975,24516,1662,Hey Music,Nov 12 2017,
https://www.youtube.com/watch?v=HgzGwKwLmgM,Queen - Don't Stop Me Now (Official Video),289197583,1403957,34113,Queen Official,Aug 1 2008,4.7M
https://www.youtube.com/watch?v=z1fadkdxAX0,Michael jackson greatest hits da,845422,6815,589,דניאל אחדות,Oct 7 2017,3.2K
https://www.youtube.com/watch?v=I_izvAbhExY,Bee Gees - Stayin' Alive (1977),262843698,1254459,36148,beegees,Oct 26 2009,817K
https://www.youtube.com/watch?v=rY0WxgSXdEE,Queen - Another One Bites the Dust (Official Video),195971014,865085,23089,Queen Official,Aug 1 2008,4.7M
https://www.youtube.com/watch?v=lDK9QqIzhwk,Bon Jovi - Livin' On A Prayer,454719878,1612392,64059,Bon Jovi,Jun 16 2009,3.3M
https://www.youtube.com/watch?v=YoDh_gHDvkk,Queen & David Bowie - Under Pressure (Classic Queen Mix),62236493,303668,9703,QueenHouse85,Mar 19 2013,65K
https://www.youtube.com/watch?v=9jK-NcRmVcw,Europe - The Final Countdown (Official Video),481711746,1909884,80316,europethebandtv,Oct 25 2009,735K
https://www.youtube.com/watch?v=w46bWxS9IjY,I Don't Want To Talk About It (from One Night Only! Rod Stewart Live at Royal Albert Hall),52828886,192911,14873,Rod Stewart,Aug 5 2016,524K
https://www.youtube.com/watch?v=UrIiLvg58SY,Extreme - More Than Words,301083241,1318354,40710,OfficiallyExtreme,Nov 22 2009,377K
https://www.youtube.com/watch?v=Zi_XLOBDo_Y,Michael Jackson - Billie Jean (Official Video),445167112,2000501,70526,Michael Jackson,Oct 2 2009,9.9M
https://www.youtube.com/watch?v=_FrOQC-zEog,Pink Floyd - Comfortably numb,140826149,520788,31320,HELLOSEMPA,Oct 6 2009,98K
https://www.youtube.com/watch?v=btPJPFnesV4,Survivor - Eye Of The Tiger,403249659,1774382,75578,Survivor Band,Nov 14 2009,452K
https://www.youtube.com/watch?v=XpqqjU7u5Yc,Bee Gees - How Deep Is Your Love (1977),154489607,626487,19512,beegees,Oct 26 2009,817K
https://www.youtube.com/watch?v=YKhu2Uqmh00,"Best cricket match in the history of tapeball cricket, Khuram Chakwal vs Achi but, 2018 sialkot",188128,2003,168,Sports PK,Jun 3 2018,2.9K
https://www.youtube.com/watch?v=ughnqVSU2Uo,Pakistan vs Zimbabwe | 4th T20 | Tri Series | Full Match Highlighs,23856,213,17,Ptv Sports Official,Jul 5 2018,1.2M
https://www.youtube.com/watch?v=CaXBZxMaugM,Real Madrid vs Barcelona 0-3 - La Liga 2017/2018 - Full Highlgihts (English Commentary) HD 1080i,2660905,13083,1426,GugaTV,Apr 18 2018,575K
https://www.youtube.com/watch?v=svVfo34U4iI,Top 20 Ronaldo Goals That Shocked The World,5689917,29415,2001,mr bundesteam,Nov 29 2017,651K
https://www.youtube.com/watch?v=c-EU5FxQwjI,Portugal vs Estonia 7-0 | All Goals & Extended Highlights,4404272,23502,2599,mr bundesteam,Jun 9 2018,651K
https://www.youtube.com/watch?v=qfGkd6BhsCY,مچھوارا اور اس کی بیوی | The Fisherman and His Wife in Urdu | Stories in Urdu | Urdu Fairy Tales,1766798,5865,1536,Urdu Fairy Tales,Jun 14 2018,399K
https://www.youtube.com/watch?v=eVsLHkscEV4,Top 10 Penalty Saves by Outfield Players ● Unexpected Heroes,14954996,44299,19053,HeilRJ Football Channel,May 9 2017,623K
https://www.youtube.com/watch?v=7OlJ2tNIZOk,Top 7 Biggest Cheating Moments in Cricket History Ever | Worst Cheating in Cricket | Cric Star,2860350,7941,2633,Cric Star,May 31 2018,
https://www.youtube.com/watch?v=VEHidPoEyJw,Pakistan vs Sri Lanka T20 Match 2009 (Rare),2453801,6394,1171,MSZ,Dec 20 2017,126K
https://www.youtube.com/watch?v=6MO--7vi9GI,Sharjeel Khan 74 Runs Off 47 Balls vs Australia - Pakistan vs Australia 4th ODI 2017,574043,2421,260,Cricket Highlights,Jan 16 2018,
https://www.youtube.com/watch?v=6fcnStZ8K18,Dr. Mushoor Gulati meets Aditya and Shraddha - The Kapil Sharma Show – 7th Jan 2017,17575542,69615,4371,SET India,Jan 7 2017,26M
https://www.youtube.com/watch?v=cDP_qw5JA8E,Pakistan vs Australia Shahid Afridi crazy Batting vs Shane Watson  in test match,1289575,5131,831,Cricket Highlights,Oct 24 2017,
https://www.youtube.com/watch?v=5n4nzsqDemM,South Africa vs Australia - 3rd ODI - Match Highlights,4848218,17611,1569,ProteasCricket,Oct 5 2016,133K
https://www.youtube.com/watch?v=xQzWN57YL3k,When revenge takes place in cricket (IND & PAK),389835,,,Hamza Manzoor,Jul 26 2017,1.7K
https://www.youtube.com/watch?v=bRQ-S4LFGzg,"Shaun ""The Wild Thing"" Tait - Very Fast Over vs Pakistan MCG T20 2009/10 HD",3464462,14888,531,Trevor Byers Cricket,Jul 30 2011,232K
https://www.youtube.com/watch?v=2eCROXR6M7U,Unexpected Goals In Football,6972539,92197,6772,M4K,May 21 2017,460K
https://www.youtube.com/watch?v=Q8XhKyCvCZ8,5 Times Ronaldo Substituted & Changed The Game,6335472,27226,3651,mr bundesteam,Oct 10 2017,651K
https://www.youtube.com/watch?v=G0Zbm7OIe9E,All out 59 & 53- worst team batting ever in a test match. Pakistan shamed.,2494131,5820,1221,robelinda2,Jan 11 2012,337K
https://www.youtube.com/watch?v=U_bZhyQEPz4,آلسی برہمن | The Lazy Brahmin Story in Urdu | Stories in Urdu | Urdu Fairy Tales,238072,991,187,Urdu Fairy Tales,Jul 3 2018,399K
https://www.youtube.com/watch?v=qcCOWIbonyY,Brazil vs Argentina • WC Qualifiers 2018 | GMTV,9176606,26101,4815,GMTV,Jun 8 2017,
https://www.youtube.com/watch?v=ldnJrDOgwpo,15 Most Creative Penalty Goals in Football,22663161,,,DNpro,Jul 30 2017,519K
https://www.youtube.com/watch?v=sJFDBkvuFbc,When Cristiano Ronaldo and Ibrahimović Made History in the Same Match,24245703,126567,12162,g Element,Nov 10 2017,651K
https://www.youtube.com/watch?v=OwvQnd2vvpI,15 Players Destroyed By Ronaldinho & Messi,19086694,59293,7353,SportsHD,Nov 14 2016,1M
https://www.youtube.com/watch?v=JtGca1Kk0Mc,"Comedy Football 2017/18: Epic Fails, Bizzare, Funny Skills, Bloopers",13053321,96526,4942,Wrzzer,Dec 3 2017,2.4M
https://www.youtube.com/watch?v=Zh5xI4E4smc,Top 20 Impossible Goals,3359960,28213,1591,SportsHD,Feb 2 2018,1M
https://www.youtube.com/watch?v=Nvlne9DbUao,40 TRUCOS INESPERADOS QUE MEJORARÁN TU DÍA,6079238,32203,5487,IDEAS EN 5 MINUTOS,Nov 11 2017,2.9M
https://www.youtube.com/watch?v=07Uj3ms1tMo,BUTS INATTENDUS en FOOTBALL,1622879,20230,1906,TOP 10 EMOTION,Mar 26 2017,162K
https://www.youtube.com/watch?v=1zl2ZuHO03I,20 Stupid Goalkeeper Mistakes In Football - Goalkeeping Fails,7606990,17644,3489,ShishiR,Apr 27 2018,287K
https://www.youtube.com/watch?v=Ie-m37z1qVg,7 Times Neymar Made The Whole World Admire Him,8592647,121915,6016,SportsHD,May 5 2018,1M
https://www.youtube.com/watch?v=_2Q6xhChFcg,15 Most Creative Penalty Goals In Football,6161880,28811,8644,ShishiR,Jun 8 2018,287K
https://www.youtube.com/watch?v=RGfvnY8oZwY,The World's Smartest Players  ● Smart and tricky ● HD,7429859,150080,6598,Victor Produções,Feb 13 2017,544K
https://www.youtube.com/watch?v=dT8NPfnguuQ,Top 5 Skills Invented by Neymar Jr,3877167,26497,3587,Wrzzer,Jun 2 2018,2.4M
https://www.youtube.com/watch?v=ry4GfmPxKBY,Thiago Messi vs Cristiano Ronaldo Jr - Who Has The Better Lifestyle?,14211473,80161,6548,Top 10 Today,Jan 29 2018,
https://www.youtube.com/watch?v=LbEPzFkB99c,DRIBLES QUE VALE A PENA VER DE NOVO,8483751,118428,5834,Levi Skills,Aug 21 2017,
https://www.youtube.com/watch?v=PXiQWDtiaDc,12 Goals That Shocked The World,5043498,37095,3302,Dan1s,May 14 2018,1.4M
https://www.youtube.com/watch?v=X7v6jKsA2W4,14 Times RONALDINHO Used Magic in Football,8510052,68056,5122,SportsHD,May 16 2018,1M
https://www.youtube.com/watch?v=LYfJ4UH8WyA,OS GOLEIROS MAIS SEM NOÇÃO,816074,19079,915,Levi Skills,May 31 2018,
https://www.youtube.com/watch?v=KY2uGNFSL_o,Real Madrid vs Barcelona 0-4 ● All Goals and Full Highlights ● English Commentary ● 21-11-2015 HD,32595789,115826,14089,Henias,Nov 22 2015,68K
https://www.youtube.com/watch?v=diVpN-ofRwQ,TOP 5 BEST Singer Emotional America's Got Talent 2017,4745826,20505,1872,Len Ken,Jun 19 2017,1.6M
https://www.youtube.com/watch?v=fJeJuc27ggE,Belgium v Japan - 2018 FIFA World Cup Russia™ - Match 54,12673297,88114,4619,FIFATV,Jul 2 2018,6M
https://www.youtube.com/watch?v=ZwEkxTd4gJQ,FIFA certified football turf -- testing procedure,488379,2198,313,FIFATV,Feb 14 2014,6M
https://www.youtube.com/watch?v=gB3_ICJYBEc,"Club Classic: Messi, Barca rout Neymar, Santos",1401411,4846,838,FIFATV,Dec 8 2015,6M
https://www.youtube.com/watch?v=MUfh1d_RSOQ,Four-goal French too good for Canucks,1148755,2882,495,FIFATV,Jun 8 2012,6M
https://www.youtube.com/watch?v=3axl6JVrdNs,Uruguay Vs Ghana And The Second Hand Of God (EXCLUSIVE),1728119,6404,960,FIFATV,May 12 2018,6M
https://www.youtube.com/watch?v=bly2MB1A0cI,CAMEROON v BRAZIL (1:4) - 2014 FIFA World Cup™,1094843,3714,602,FIFATV,Apr 19 2018,6M
https://www.youtube.com/watch?v=EOgtthq5x9A,"World Cup Highlights: Argentina - Nigeria, USA 1994",4079919,7903,1551,FIFATV,Jun 24 2014,6M
https://www.youtube.com/watch?v=QzWrbNmZT-M,The Best of Round of 16 - A Breathless Finish,850521,10635,549,FIFATV,Jul 3 2018,6M
https://www.youtube.com/watch?v=4rp2aLQl7vg,Portugal v Spain - 2018 FIFA World Cup Russia™ - MATCH 3,54817689,394753,33061,FIFATV,Jun 15 2018,6M
https://www.youtube.com/watch?v=q74-vmWYcLI,Stunning winner lifts Brazil in final for the ages,329215,1291,86,FIFATV,Jul 13 2013,6M
https://www.youtube.com/watch?v=U1DZqSLVMrg,"Brazil v. Germany, Canada 2014 HIGHLIGHTS",979969,2324,430,FIFATV,Aug 25 2016,6M
https://www.youtube.com/watch?v=RbmaLT320hw,Colombia v England - 2018 FIFA World Cup Russia™ - Match 56,10345846,56591,5365,FIFATV,Jul 3 2018,6M
https://www.youtube.com/watch?v=6C6oOcDFmLY,France v Argentina - 2018 FIFA World Cup Russia™ - Match 50,15810698,104919,6640,FIFATV,Jun 30 2018,6M
https://www.youtube.com/watch?v=mV7HZSq0gXE,COLOMBIA v URUGUAY (2:0) - 2014 FIFA World Cup™,625045,2925,236,FIFATV,Apr 23 2018,6M
https://www.youtube.com/watch?v=a7IMPsyQg6k,BRAZIL v GERMANY (1:7) - 2014 FIFA World Cup™,2273521,13759,1838,FIFATV,Apr 26 2018,6M
https://www.youtube.com/watch?v=auqyXFLZ_zw,Uruguay v Portugal - 2018 FIFA World Cup Russia™ - Match 49,17556046,92784,8665,FIFATV,Jun 30 2018,6M
https://www.youtube.com/watch?v=pAUGJpu6FKo,BRAZIL v COLOMBIA (2:1) - 2014 FIFA World Cup™,969649,4522,473,FIFATV,Apr 25 2018,6M
https://www.youtube.com/watch?v=5_iIW2DZ8nc,Croatia v Denmark - 2018 FIFA World Cup Russia™ - Match 52,9302775,45430,3254,FIFATV,Jul 1 2018,6M
https://www.youtube.com/watch?v=af6nDyA2uAs,20 Most Stupid Goalkeeper Mistakes In Football - Goalkeeping Fails,12910408,37029,6035,ShishiR,Jul 11 2017,287K
https://www.youtube.com/watch?v=N5F1hqWW_5w,England v Belgium - 2018 FIFA World Cup Russia™ - Match 45,9753112,45230,3106,FIFATV,Jun 28 2018,6M
https://www.youtube.com/watch?v=9pr_bSw0Ng0,Muhammad Amir Destroyed Australian Batting W W W W W W W T20 Series 2010,9452151,23273,8903,MSZ,Sep 24 2017,126K
https://www.youtube.com/watch?v=OKjV2SQfKrw,Korea Republic v Germany - 2018 FIFA World Cup Russia™ - Match 43,23939819,180602,14208,FIFATV,Jun 27 2018,6M
https://www.youtube.com/watch?v=3cn-foKjoYc,Pan Xiaoting 潘晓婷 vs. Ronnie O'Sullivan | Exhibition 9 Ball,17660704,31329,8223,Billiards Magic,Apr 14 2017,
https://www.youtube.com/watch?v=LIEuU8CZjGQ,Historical Tactical Snooker Battle!!! Ronnie O'Sullivan v Judd Trump 1080p,5138058,17503,1951,Snooker Planet,Jun 16 2017,
https://www.youtube.com/watch?v=XuVQpkNsK40,Top 10 Best Yorkers By Shoaib Akhtar In Cricket,4346235,22297,2207,TOP10 CRICKET,Aug 23 2017,342K
https://www.youtube.com/watch?v=6eulv-JrG-k,15 Pakistani Cricketers With Their Lovely Wives,6696772,18591,3995,Celebrity News,Jun 14 2017,375K
https://www.youtube.com/watch?v=xJBwzvd5T7E,Final Over- Pakistan vs India Asia Cup 2014,1120015,6307,888,Syed Ali Samama Rizvi,Apr 30 2017,5.1K
https://www.youtube.com/watch?v=H3YTEO4p1rg,Reasons behind Imran Khan's historical decision call back Srikant to bat,349138,924,109,Life Channel,Dec 15 2017,22K
https://www.youtube.com/watch?v=6rzlfG6Xkg0,England Smash World Record 481-6 | England v Australia 3rd ODI 2018 - Highlights,9926231,66685,4653,England &amp Wales Cricket Board,Jun 19 2018,691K
https://www.youtube.com/watch?v=yhfnWjp7OL8,"Yuvraj Singh 12 balls fifty, world record!!!!   ravindar nagar",4388126,19618,2494,PAPPI GURJAR,Apr 2 2016,17K
https://www.youtube.com/watch?v=jvrayw6wANg,Neymar vs Cristiano Ronaldo vs Messi ● National Heros,3225966,18484,1425,g Element,Jun 11 2018,651K
https://www.youtube.com/watch?v=czziAbc4QCk,Pakistan vs England 1st t20 2012 thrilling Finish,2191837,7577,2058,Straight Drive,Sep 14 2017,146K
https://www.youtube.com/watch?v=hKOi0eZRDrM,Top 10 Funny Fielding on Boundary Line in Cricket History Ever,5057601,17197,3193,cRiCkEt cRaZe,Jun 9 2016,139K
https://www.youtube.com/watch?v=YMFhnBPoUrg,From the Vault: Super Starc dominates the Windies,522225,4621,172,cricket.com.au,Jun 13 2016,720K
https://www.youtube.com/watch?v=Rh06jOsCZYc,20 Goalkeeper Saves that Shocked the World,2151172,11803,1176,DaneDoSantos,Jun 9 2018,185K
https://www.youtube.com/watch?v=MWfslx4_PJA,Top 10 Goalscorers in Football 2017/2018,5398299,31991,3219,JavierNathaniel,Apr 30 2018,1.4M
https://www.youtube.com/watch?v=AClm_1zWh0Y,Brazil 1-1 Germany 2016 Olympic Final All Goals & Extended Highlight FHD/1080P,9962394,62496,3810,NIXBLACK,Jul 28 2017,
https://www.youtube.com/watch?v=3gIq6zGbNt0,20 Famous Free Kicks ● Impossible To Forget,14969584,49487,4801,Wrzzer,Jul 3 2017,2.4M
https://www.youtube.com/watch?v=5CrNWywTZpA,"Football Circus ft. Neymar, C.Ronaldo, Ronaldinho, etc",865521,7192,486,Wrzzer,Jun 23 2018,2.4M
https://www.youtube.com/watch?v=7WUF2J-2d9Q,Best Dunks of the 2017/2018 NBA Season - 106 Dunks! (Part 1),1092658,4145,250,NBA Max,Feb 17 2018,17K
https://www.youtube.com/watch?v=X0W30MqPnDo,Brazil vs Spain • Confederations Cup Final 2013 | GMTV,1396287,11831,531,GMTV,May 4 2017,
https://www.youtube.com/watch?v=axvyehnvRqo,20 Impossible Plays Lionel Messi Did with Argentina ►The One Man Army◄,2478421,25821,1180,Messi Magic™,Dec 1 2017,757K
https://www.youtube.com/watch?v=JDLr1aOzW-o,Mejores Momentos en el Tunel del Fútbol,4150310,35376,1494,Joga Sport,Jun 4 2018,798K
https://www.youtube.com/watch?v=NNqN7aKs4y4,TOP 35 Goalkeeper Saves Of 2017,1073704,11478,489,SportsHD,Dec 28 2017,1M
https://www.youtube.com/watch?v=bKOTKHtbM54,50 Famous Goals ● Impossible To Forget,8471782,40873,4697,Wrzzer,Jun 21 2017,2.4M
https://www.youtube.com/watch?v=KqDpCmtMhEE,Los Momentos más Hermosos del Fútbol 2018 ● Football Respect,14103400,118895,5089,Joga Sport,Dec 26 2017,798K
https://www.youtube.com/watch?v=YOY8kJcMyf4,When Ronaldinho and Neymar Made History in the Same Match,11505531,66916,5128,g Element,Jun 29 2017,651K
https://www.youtube.com/watch?v=85Tawd22_0g,Khabardar Aftab Iqbal - 11 November 2017 - Ishaq Dar Special - Express News,431307,3112,275,Khabardar with Aftab Iqbal,Nov 11 2017,576K
https://www.youtube.com/watch?v=fV5qgmfOHXY,Her Kisam Kay Jadu Ka Shartiya Toor - Amil Baba - Khabardar with Aftab Iqbal,747943,3800,436,Khabardar with Aftab Iqbal,Oct 13 2017,576K
https://www.youtube.com/watch?v=D0ay9qhuQQk,Raja Beta II Shampi di daddi II Very Funny scenes II Comedy II Jatt & Juliet 2,3638140,11454,2176,Gyan Baba,Jun 17 2017,15K
https://www.youtube.com/watch?v=l7oJ0BViMG4,Funny Bilawal Bhutto Dummy in Khabardar mocking Maryam Nawaz,3253670,16667,1003,Khabardar with Aftab Iqbal,Nov 3 2016,576K
https://www.youtube.com/watch?v=rXJb1P5Fx7g,Nasir Chinyoti Ki Choroon Ko Warning - Honey Albela | Khabardar with Aftab Iqbal,52442,460,37,Khabardar with Aftab Iqbal,Jan 16 2018,576K
https://www.youtube.com/watch?v=yNaf4-s64rQ,Marasi Khandan Main Kalay Khan Ke Shadi Ka Manzar - Khabardar Aftab Iqbal,972044,4468,629,Khabardar with Aftab Iqbal,Nov 9 2017,576K
https://www.youtube.com/watch?v=ewRFP20ZONY,Hospital Ka Aik Behtareen Munzar - Nasir Chinyoti Agha Majid - Khabardar with Aftab Iqbal,92962,618,56,Khabardar with Aftab Iqbal,Mar 7 2018,576K
https://www.youtube.com/watch?v=kmtjtbNgDCc,Nasir Chinyoti as Gabbar with Hollywood style - Khabardar Aftab Iqbal - Express News,629780,4374,321,Khabardar with Aftab Iqbal,Dec 2 2017,576K
https://www.youtube.com/watch?v=5pKxuDQaxo4,Main Nai Jana Arbiyan Day Naal - Nawaz Sharif - Khabardar with Aftab Iqbal,258322,1977,137,Khabardar with Aftab Iqbal,Jan 2 2018,576K
https://www.youtube.com/watch?v=7LFpxC2jxTY,"Best Of Agha Majid, Mastana and Iftikhar Thakur New Pakistani Stage Drama Full Comedy Funny Clip",5100916,15729,2144,Mooncdcorner,Mar 3 2017,180K
https://www.youtube.com/watch?v=s0QVZEO9eWg,Amanullah Khan Vs Aftab Iqbal Best Jugat Bazi - Khabardar Aftab Iqbal | Express News,505489,3097,243,Talk Shows Central,Nov 25 2017,1.6M
https://www.youtube.com/watch?v=MoZYtjRST_k,Shiekh Rasheed Vs Hanif Abbasi | NA 60 | Kal Tak with Javed Chaudhry | 28 June 2018 | Express News,81426,523,142,Express News,Jun 28 2018,798K
https://www.youtube.com/watch?v=-VOemnri6z8,Chaudhary Chinyoti Kay Special Murgh Chanay In Khabardar - Khabardar Aftab Iqbal,530872,2915,302,Khabardar with Aftab Iqbal,Dec 9 2017,576K
https://www.youtube.com/watch?v=vVB7pib981I,Khabardar Ka Landa Bazaar - Khabardar with Aftab Iqbal,237446,1395,119,Khabardar with Aftab Iqbal,Nov 4 2017,576K
https://www.youtube.com/watch?v=tpB-dMoRmKw,Aftab Iqbal Ki Reham Khan Say Khasoosi Guftago - Interview Of Reham Khan -Khabardar with Aftab Iqbal,25103,128,65,Express News,Jun 5 2018,798K
https://www.youtube.com/watch?v=je6V5cCa8zw,Pakistani Saudi Arab Ki Jail Main - Nasir Chinyoti Agha Majid - Khabardar with Aftab Iqbal,44841,383,30,Khabardar with Aftab Iqbal,Jun 30 2018,576K
https://www.youtube.com/watch?v=rOf1th_psbU,Khabar Naak Ali Meer as Aftab Iqbal,409705,2112,174,Mister Radio,Jun 6 2012,29K
https://www.youtube.com/watch?v=ffrKC82zWAQ,Khawasara Fauji Nahi Bun Sakaty - Nasir chinyoti As Donald Trump - Khabardar with Aftab Iqbal,36453,329,22,Khabardar with Aftab Iqbal,Jun 22 2018,576K
https://www.youtube.com/watch?v=f_2TDamYc1M,Kabhi Na Bholnay Walay Lamhaat - Honey Albela Agha Majid Special - Mazaaq Raat - Dunya News,440399,3020,277,Mazaaq Raat Official,Feb 22 2018,821K
https://www.youtube.com/watch?v=pNgtI_X7mkE,Amjad Khan VS Nasir Chinyoti | Film Sholay Say Khabardar,1709083,6639,772,Khabardar with Aftab Iqbal,Jul 10 2017,576K
https://www.youtube.com/watch?v=ClSL6wRYSIY,Shahid Afridi 48 vs Australia 2009/10 HD,3534216,6418,1189,Trevor Byers Cricket,Jul 18 2011,232K
https://www.youtube.com/watch?v=zBrWuIM-d-0,The Very Best Cricketing Moments | India vs Pakistan | Vol 1,3036398,8742,2219,WeSpeakCricket,Aug 4 2017,250K
https://www.youtube.com/watch?v=hfang61ecJA,Afridi Says Hat-trick Ball Who Cares - FEARLESS inning !!,792897,3366,300,CricketCloud,Dec 25 2017,368K
https://www.youtube.com/watch?v=YTS9EFE2COE,Pakistan vs Australia 2nd T20 Match Super Over 7-9-2012,4516718,6206,1572,Piterson Hug,Sep 7 2012,6.6K
https://www.youtube.com/watch?v=AY23BXu2nQE,Shoaib Akhtar BRUTAL BOUNCER to Shane Watson 2002 GABBA,7884056,15268,1762,robelinda2,Apr 20 2012,337K
https://www.youtube.com/watch?v=nYSNB_tWeiI,"Amazing Life Story of Boom Boom Shahid Afridi, All the Time Great All Rounder of Pakistan Urdu/Hindi",398967,4575,321,Asif Ali TV,Apr 29 2017,565K
https://www.youtube.com/watch?v=2mgOGt9lTYw,Shahid 'BOOM BOOM' Afridi CAMEO + SHOCKING 3rd Umpire Decision!!!,1443968,3677,713,Trevor Byers Cricket,Jul 28 2015,232K
https://www.youtube.com/watch?v=NZ-rkOY8sTY,Top 10 Best Bowled Wickets by Shoaib Akhtar in Cricket History of all Times,2628883,25294,1522,TOP10 CRICKET,Jul 7 2017,342K
https://www.youtube.com/watch?v=Ux5kbmVefts,10 longest sixes in cricket history | Hindi Education,361112,2708,466,Hindi Education,Feb 16 2018,325K
https://www.youtube.com/watch?v=Ow4J5nxJ388,ICC #WT20 - India vs Pakistan  Match Highlights,17265810,32573,5265,ICC,Mar 19 2016,968K
https://www.youtube.com/watch?v=M4RzFiyFz4c,shahid afridi best inings in psl semi final,539401,2594,284,Cricket Overall Chaska,Sep 9 2017,3K
https://www.youtube.com/watch?v=1VIn-hMLOwA,TOP 10 MOMENTS THAT CHANGED INDIAN CRICKET HISTORY FOREVER,1037833,10765,386,TOP10 INSANE - Cricket,Jun 4 2017,351K
https://www.youtube.com/watch?v=M4MneKk1_O4,Todoroki vs Bakugou Full Fight - Boku No Hero Academia Season 2,91877,422,26,Fan Anime HD,Nov 22 2017,4K
https://www.youtube.com/watch?v=PCP6AjmwS-A,Midoriya & todoroki vs hero killer stain!(buko no hero academy,101792,530,42,Do7a_25,Jul 23 2017,487
https://www.youtube.com/watch?v=h27MAnMfzes,Midoriya Vs Muscular - Boku No Hero Academia Season 3 Episode 4,3251489,27121,3514,Hammer Kick,Apr 28 2018,11K
https://www.youtube.com/watch?v=AIiQRHsntck,Gon's test N.G.L (epic moment) HXH,3668330,20379,384,AMV Anime For Life,May 25 2015,2.2K
https://www.youtube.com/watch?v=XOWsUvls54w,Top 5 Midoriya Moments [60FPS],5906074,54316,1773,ViniiTube,Apr 6 2018,328K
https://www.youtube.com/watch?v=lPpM8fPvzX8,MOB VS KOYAMA | MOB PHYSCHO 100,2085333,16636,746,Wally West,Jul 20 2017,6K
https://www.youtube.com/watch?v=zdBNqTBtYFc,Team Asuma and Kakashi vs Hidan and Kakuzu | Full Fight English Subbed,4313519,12158,2529,Best Anime,Jan 16 2018,
https://www.youtube.com/watch?v=-KM4d7EMq48,Midoriya And Pussycat Vs Vanguard Action Squad - Boku No Hero Academia Season 3 Episode 5,1889656,6758,637,Hammer Kick,May 5 2018,11K
https://www.youtube.com/watch?v=f4Ljoakm8CE,Chunin Exam Final Round | Boruto New Chidori Jutsu | Boruto Gets Disqualified,881889,3563,342,AnimeRulzzz2k18,Jun 7 2018,
https://www.youtube.com/watch?v=QhTgfXzqmLU,Fate/Apocrypha - Sieg vs Karna,262031,2167,53,etwalosso,Dec 9 2017,111
https://www.youtube.com/watch?v=rLf3X93n3a0,"Villains attack, Aizawa Midoriya are about to die,All Might comes to rescue - Boku no Hero Academia",1862581,8646,419,DaHikun,May 4 2018,18K
https://www.youtube.com/watch?v=4pet6vcjhSE,All Might VS Midoriya and Bakugou Full Fight - Boku No Hero Academia Season 2,554820,2850,121,Fan Anime HD,Nov 25 2017,4K
https://www.youtube.com/watch?v=kLtmFa_7phk,Hero Killer Stain Save Midoriya - Boku No Hero Academia,877063,6502,150,Fan Anime HD,Nov 25 2017,4K
https://www.youtube.com/watch?v=_lUPHL9h9DM,"All Might faces Villains and near death, Midoriya Todoroki Bakugou save him - Boku no Hero Academia",2758780,14237,1349,DaHikun,May 9 2018,18K
https://www.youtube.com/watch?v=2o-syUvybPs,"Bakugou's Hero Spirit, All Might vs Midoriya and Bakugou - Boku no Hero Academia",446921,2859,92,DaHikun,May 27 2018,18K
https://www.youtube.com/watch?v=txXG7yvjE9w,Top 10 Haikyuu!! Anime Moments Vol. 1 [60FPS],7496524,55720,1828,ViniiTube,Jun 7 2017,328K
https://www.youtube.com/watch?v=3NcycbDslQw,"Midoriya, Todoroki and Iida vs Hero Killer Stain Full Fight - Boku No Hero Academia Season 2",124852,587,95,Fan Anime HD,Nov 25 2017,4K
https://www.youtube.com/watch?v=E3Uusj3FNR0,Boku No Hero Academia - The U.A Sport Festival,1444286,5060,267,Fan Anime HD,Nov 21 2017,4K
https://www.youtube.com/watch?v=vmGlQSACCIA,Naruto Shippuden Naruto Vs Pain English Subbed Full Fight 1080p (Full HD),4188830,15485,2058,Lord Seventh,Jan 23 2018,7.1K
https://www.youtube.com/watch?v=hLZmsRuCBgE,僕のヒーローアカデミア #5 HD Boku no Hero Academia 2nd MIDORIYA vs TODOROKI,326420,1150,87,Hakyuu 10,Jun 6 2018,
https://www.youtube.com/watch?v=kYIf8I1dvdo,Brazil v Mexico - 2018 FIFA World Cup Russia™ - Match 53,15886789,99900,8787,FIFATV,Jul 2 2018,6M
https://www.youtube.com/watch?v=gHPke43iqNg,Spain v Russia - 2018 FIFA World Cup Russia™ - Match 51,11249599,68461,6342,FIFATV,Jul 1 2018,6M
https://www.youtube.com/watch?v=C0dxwYdJIfo,Classy Oezil blast makes difference,531635,2557,103,FIFATV,Aug 30 2012,6M
https://www.youtube.com/watch?v=4e9a3KptfC0,Germany v Sweden - 2018 FIFA World Cup Russia™ - Match 27,15182319,103643,6091,FIFATV,Jun 23 2018,6M
https://www.youtube.com/watch?v=RKuQ8zDo0Lw,Belgium v Tunisia - 2018 FIFA World Cup Russia™ - Match 29,6689723,33543,1848,FIFATV,Jun 23 2018,6M
https://www.youtube.com/watch?v=I_YrTEiOVGo,Uruguay v Russia - 2018 FIFA World Cup Russia™ - Match 33,7766908,37065,2146,FIFATV,Jun 25 2018,6M
https://www.youtube.com/watch?v=XCr1xpwEuZQ,Belgium v Panama - 2018 FIFA World Cup Russia™ - Match 13,8311083,37013,2225,FIFATV,Jun 18 2018,6M
https://www.youtube.com/watch?v=012FkPcI1uE,Sweden v Switzerland - 2018 FIFA World Cup Russia™ - Match 55,6082297,29974,2420,FIFATV,Jul 3 2018,6M
https://www.youtube.com/watch?v=hcM5n71XmBo,Argentina v Croatia - 2018 FIFA World Cup Russia™ - Match 23,15903445,116696,9837,FIFATV,Jun 21 2018,6M
https://www.youtube.com/watch?v=zpHGzIHCoCA,ICC #WT20 Australia vs Pakistan Match Highlights,6476917,12280,2189,ICC,Mar 25 2016,968K
https://www.youtube.com/watch?v=AygUlfmQgBs,Russia v Egypt - 2018 FIFA World Cup Russia™ - Match 17,7751493,37769,2664,FIFATV,Jun 19 2018,6M
https://www.youtube.com/watch?v=6kohALTIaJc,M AMIR vs M STARC | THE SWINGING-BULLETS | DEADLY YORKERS | HD,122801,1069,73,Sports Jin,Jun 22 2017,1K
https://www.youtube.com/watch?v=r2gFrIPnuP4,Super Over || Pakistan Vs Australia || 2nd T20 Match || 2012,743762,3087,779,PTV Cricket,Apr 19 2018,
https://www.youtube.com/watch?v=k_xCTt0MTMw,Pakistan defeat England by nine wickets in Manchester iT20,1458857,5524,652,England &amp Wales Cricket Board,Sep 7 2016,691K
https://www.youtube.com/watch?v=jePmTNHRgdU,Dale Steyn VS Darren Sammy Full Error Over in T20 Match West indies vs South Africa T20,322574,988,144,Cricket Highlights,Feb 1 2018,
https://www.youtube.com/watch?v=vpR-6tcHdJM,Top 10 Best Yorkers In Cricket Ever 2018 | Destructive Yorkers | AG Flex HD,3736294,28865,2484,AG Flex HD,Dec 16 2017,143K
https://www.youtube.com/watch?v=ELtyFdsheAc,Shahid 'BOOM BOOM' Afridi 29 OFF 10 Balls vs Australia 2009/10 HD,1934869,4448,986,Trevor Byers Cricket,Oct 12 2011,232K
https://www.youtube.com/watch?v=271QmFisprY,SAEED ANWAR BATTING STYLE,2173872,5689,601,TAHIR ANSARI,Apr 13 2013,4.7K
https://www.youtube.com/watch?v=DpuGzdb9VAI,"Highlights: 2nd T20I at Colombo, RPICS – Pakistan in Sri Lanka 2015",5391468,16064,2639,Sri Lanka Cricket,Aug 2 2015,179K
https://www.youtube.com/watch?v=ZGUfdMukaZc,World Record 438 Match-South Africa vs Australia- part 2,10354205,30889,4197,suhass997 Cricket,Jul 24 2014,173K
https://www.youtube.com/watch?v=80-eKzpwvbc,Kapil & Sumona's Scary Act - Jodi Kamaal Ki,581117,2374,243,SET India,May 9 2018,26M
https://www.youtube.com/watch?v=c0WWT67Vb2U,ICC #WT20 Pakistan vs Bangladesh  Match Highlights,7571963,14616,2723,ICC,Mar 16 2016,968K
https://www.youtube.com/watch?v=OoI57NeMwCc,At the Hospital | Funny Clip | Mr. Bean Official,81914213,212200,32643,Mr. Bean,Aug 25 2009,8M
https://www.youtube.com/watch?v=Iyi665iUUug,Best Mind-Readers in America's got Talent and Britain's Got Talent,4630766,32645,1678,Top Lists,May 31 2017,29K
https://www.youtube.com/watch?v=ZooF83MS69w,Dr Surendra Dubey का जबरदस्त हास्य कवि सम्मेलन । funny kavi sammelan । हसना मना है,7843559,28742,5909,PYARA BHARAT,Jun 19 2017,
https://www.youtube.com/watch?v=KHpZUqMFs_k,Khajur ke papa aagaye- The Kapil Sharma Show - Episode 8 - 15th May 2016,9791149,26645,2854,SET India,May 15 2016,26M
https://www.youtube.com/watch?v=qK1QapVJ18Q,Shahid Afridi Perfect Revenge By Muralitharan - First Match Humiliated Second Match 6 6 4 6 6 6 4,468541,1655,267,PTV Cricket,Jun 17 2018,
https://www.youtube.com/watch?v=XxvByAN3z30,Anushka Goes Gaga Over Audience's Response | Celebrity Birthday Special | Anushka Sharma,1836917,9507,978,SET India,Apr 30 2018,26M
https://www.youtube.com/watch?v=2zDUnGVHB1Q,Best First Over Bowled In History Of Test Cricket - ft Irfan Pathan |,5665458,44236,2288,WeSpeakCricket,Aug 10 2016,250K
https://www.youtube.com/watch?v=dyiJMyswmnA,Salman Khan Rocking Stage With His Comedy Hilarious,12536730,33685,4520,Filmfare Official,Aug 14 2017,
https://www.youtube.com/watch?v=e3_BaawzCsw,Raghav Flirts With Ileana - Behind The Scenes - DID Lil Masters 3,10904369,32237,3440,Dance India Dance,Apr 16 2014,2.2M
https://www.youtube.com/watch?v=97bTj_r1pDw,Salman Khan अपनी दोनों Gf Jacquiline और Lulia Vantur के साथ एंट्री मारी Race 3 - Allah Duhai लांच पर,2043343,4184,1209,Home Bollywud,Jun 1 2018,1.2M
https://www.youtube.com/watch?v=1o1RfH3rN80,Gopal Bhar (Bangla) - গোপাল ভার (Bengali) - Ep 281 - Shree Mukher Hasi,1769896,4828,1210,Sony AATH,Jul 24 2016,1.3M
https://www.youtube.com/watch?v=dbuAkTylGh8,Buddhiman Machua Small Moral Story For Kids in Hindi बुद्धिमान मछुआ हिंदी  नैतिक कहानी,14545196,40622,8942,Hindi Kids Rhymes,Oct 25 2017,349K
https://www.youtube.com/watch?v=F7hxUFPuxJA,Pakistan vs New Zealand 1992 World Cup Semi Final Highlights HD (Rare),1809429,4984,951,MSZ,Feb 18 2018,126K
https://www.youtube.com/watch?v=Y0zJhYyKdt8,Funny Celebrity moments with Dr.Mashoor Gulati | The Kapil Sharma Show |  Best Indian Comedy |  HD,12945389,46627,4439,SET India,Nov 29 2016,26M
https://www.youtube.com/watch?v=tqFi4MfmQvg,DID L'il Masters - Mumbai Auditions - Yashvi Rawal hawa hawai performance,2100248,6805,822,Dance India Dance,Mar 2 2014,2.2M
https://www.youtube.com/watch?v=RKU6x1n9Hak,FORGET CATS! Funny KIDS vs ZOO ANIMALS are WAY FUNNIER! - TRY NOT TO LAUGH,90135334,206214,61669,Tiger Productions,Nov 3 2017,2.4M
https://www.youtube.com/watch?v=aUFhdK3o4qI,Comedy Nights with Kapil: Kangna Ranaut as 'Queen',4446126,8267,1256,Aaj Tak,Mar 10 2014,7.5M
https://www.youtube.com/watch?v=rvOIgrVZAms,Simon Cowell Best Insults PART 2 | SAVAGE,794423,6797,258,Turbo Entertainment,Dec 5 2016,151K
https://www.youtube.com/watch?v=_v2ptbXmBOg,ANGRY TEEN AUDITIONS...Don't Mess With These Kids!,25917531,197245,17297,X Factor Global,Jan 17 2018,1.2M
https://www.youtube.com/watch?v=fep0_CSSZf4,TOP 5 Special Emotional Performance America's Got Talent 2017,18371139,80474,7264,Len Ken,Jun 10 2017,1.6M
https://www.youtube.com/watch?v=-ojTuJ9o6_g,sonu kumar,456213,2168,144,Sonu Kumar,Oct 3 2013,1K
https://www.youtube.com/watch?v=k2g6R0a4IpY,When X Factor Judges Get ANGRY! | X Factor Global,13709063,133289,5969,X Factor Global,Dec 15 2017,1.2M
https://www.youtube.com/watch?v=vE2M0QqjecE,When Judges Get The Giggles | X Factor UK,14533911,139021,5475,X Factor Global,Nov 10 2016,1.2M
https://www.youtube.com/watch?v=RQQb5xFzdpY,TRY NOT LAUGH - TOP 5 Funiest Britain's Got Talent 2017,6408779,41666,1784,Len Ken,May 18 2017,1.6M
https://www.youtube.com/watch?v=6M9sMtfbEvM,Britain's Got Talent Bad/Funny Auditions,4524300,19716,2322,MLC Drive,May 8 2016,142K
https://www.youtube.com/watch?v=oieBKdueoGk,Best of Simon Cowell Against Mental People,9281387,85305,5169,Matthew De Franco,Sep 17 2016,9.9K
https://www.youtube.com/watch?v=NuHzXrqj9VY,"Like Mother, Like Daughter sing Plan B She Said - Britain's Got Talent 2012 - International version",10929348,65679,7402,Britain's Got Talent,May 5 2012,10M
https://www.youtube.com/watch?v=8NonPPdQ7Yw,Top 10 Most UNFORGETTABLE Singing Auditions ALL TIME,59714024,282633,26001,Len Ken,Feb 8 2017,1.6M
https://www.youtube.com/watch?v=bstbX88FRtw,Simon Cowell's Best GOLDEN BUZZER Moments | Got Talent Global,31869152,319736,10633,Got Talent Global,Jul 19 2017,4.2M
https://www.youtube.com/watch?v=oYKRYrW76cE,"UNBELIEVABLE Auditions That SHOCKED & SURPRISED THE WORLD | X FACTOR, GOT TALENT IDOLS",5360599,24030,1914,Top Talent,Aug 10 2017,805K
https://www.youtube.com/watch?v=5rg_j9ceEeQ,The X Factor Season 4 Favourite Bad Auditions,1855516,14893,835,FIFA Goals,Apr 8 2015,4.1K
https://www.youtube.com/watch?v=QbJqkPG-B3M,X Factor Judges Get ANGRY! (MUST WATCH),1871035,11441,1296,Trending Virality,Jun 10 2018,18K
https://www.youtube.com/watch?v=mr4zmeNDV04,Britain's Got Talent 2017 - Top 10 Weird  Acts,8000706,37070,3373,E!. Box,May 26 2017,50K
https://www.youtube.com/watch?v=N49xtrLVePA,TOP 10 BEST Got Talent Singers auditions EVER! With Complete Interview,14442353,44032,4179,TopVideos OfAll,Sep 1 2015,18K
https://www.youtube.com/watch?v=xYYPV7MuvfM,TOP 5 COMEDIANS on Britain's Got Talent Funniest,8552852,60628,3328,Len Ken,Feb 6 2017,1.6M
https://www.youtube.com/watch?v=F-TIw-_W0xs,Simon Cowell's Golden Buzzer on Got Talent,2670489,17131,625,Len Ken,Nov 12 2016,1.6M
https://www.youtube.com/watch?v=p6mQ59_wk0k,TOP COMEDIANS on America's Got Talent! | Got Talent Global,6874255,80000,1954,Got Talent Global,Apr 28 2017,4.2M
https://www.youtube.com/watch?v=kCgm-wSpoHs,Penn & Teller Fool Us Dan Sperry,1503301,11247,745,eufhaye,Aug 17 2017,46K
https://www.youtube.com/watch?v=S7NKxadiZxo,INCREDIBLE UNEXPECTED SINGERS on Got Talent | Top Talent,323234,3124,186,Top Talent,May 22 2018,805K
https://www.youtube.com/watch?v=iDAX9lYP8hI,SUPER ANGRY PARENTS Turn On The Judges! | X Factor Global,5357577,55948,2679,X Factor Global,Dec 1 2017,1.2M
https://www.youtube.com/watch?v=Yck1IsBvi3g,5 AUDITIONS THAT FREAKED THE JUDGES OUT on Got Talent | Top Talent,797869,6069,329,Top Talent,Jan 9 2018,805K
https://www.youtube.com/watch?v=s_3qEGBo-FA,XFactor Try Not to Laugh/Cringe #1,10131275,104790,4551,Hilarious,Sep 1 2016,29K
https://www.youtube.com/watch?v=W64c3L8N0aw,Judges BUZZ TOO EARLY On Britain's Got Talent! | Top Talent,11413148,108908,6921,Top Talent,Jun 20 2018,805K
https://www.youtube.com/watch?v=QkgNTdFVvKc,"Rudest Auditions...EVER? | X Factor, Got Talent & Idols | Top Talents",4334137,35406,2604,Top Talent,Jul 13 2017,805K
https://www.youtube.com/watch?v=dmV4IzJZEVs,Anti bullying short film: The Bus stop (2017),6765160,130190,6003,Magalie De Genova,Apr 1 2017,28K
https://www.youtube.com/watch?v=qPI4WJXTtEY,Undercover Boss - Retro Fitness S4 EP14 (U.S. TV Series),835466,6496,404,Craig Dave,Dec 30 2013,16K
https://www.youtube.com/watch?v=mFekhU0LjSs,10 Gold Diggers Who Got What They Deserved!,1629404,12413,1226,ComedyWolf,May 17 2018,109K
https://www.youtube.com/watch?v=-XNlTPwppAI,TOP 3 AUDITIONS Risking Simon's Life on Got Talent | Got Talent Global,3056543,33962,1026,Got Talent Global,Dec 5 2017,4.2M
https://www.youtube.com/watch?v=Gdvr7GUiynk,THAT MOMENT WHEN THEY GET BUSTED,365391,6774,327,Salty Facts,Jun 30 2018,
https://www.youtube.com/watch?v=jxV3rSZQPoA,JUDGES TO THE RESCUE! Simon Cowell & Co Step In To SAVE AUDITIONS On GOT TALENT & X FACTOR,9212667,106364,3132,Top Talent,Nov 27 2017,805K
https://www.youtube.com/watch?v=1mq7F2FKy3E,BRILLIANTLY BIZARRE Auditions on X Factor UK! | X Factor Global,198475,2731,133,X Factor Global,Jun 20 2018,1.2M
https://www.youtube.com/watch?v=z91oThv9H8Y,TOP 10 The Best Talent In The World !!! (Look and BE SHOCKED),16176460,50522,6366,Len Ken,Apr 5 2017,1.6M
https://www.youtube.com/watch?v=DHwpwD-ae7I,Rudest Auditions EVER on X Factor Global!,9507607,77036,4193,X Factor Global,Aug 11 2017,1.2M
https://www.youtube.com/watch?v=xxjT7nK0Q9k,Top 10 funny performances Got Talent,11852720,49865,4469,ShowMe,Feb 10 2016,669K
https://www.youtube.com/watch?v=LtgHf51-i4U,Australia vs Kenya 2003 World Cup Highlights,2162810,6174,1547,Trevor Byers Cricket,Jun 25 2011,232K
https://www.youtube.com/watch?v=k2E1A4xw3fY,"""BE SHOCK""  TOP Worst Audition X Factor Ever",1790043,10510,1083,Len Ken,Nov 10 2016,1.6M
https://www.youtube.com/watch?v=hQfgA-yKzPU,When Judges SPLIT GROUPS On X Factor UK! | X Factor Global,4466130,48650,2557,X Factor Global,May 9 2018,1.2M
https://www.youtube.com/watch?v=Qd0AdsOGEvo,"America's Got Talent 2018 Week 5 All Auditions Including Rob Lake, Joseph O'Brien! Got Talent Global",791481,6227,366,Got Talent Global,Jun 29 2018,4.2M
https://www.youtube.com/watch?v=dvH5czCokG8,AUSTRALIA vs. WORLD XI 2005 - 2nd ODI FULL HIGHLIGHTS,4430989,10534,1942,Trevor Byers Cricket,Sep 11 2015,232K
https://www.youtube.com/watch?v=yyhHkb2UGFs,SIMON COWELL STOPS Auditions & Gives Them A 2nd Chance to Sing On GOT TALENT ! TOP TALENT,4017333,14978,2021,Top Talent,Nov 13 2017,805K
https://www.youtube.com/watch?v=TXPopaKCanM,Pakistan destroyed Australian batting for just 89 runs 1st t20 2012,782236,3223,366,MSZ,Oct 26 2017,126K
https://www.youtube.com/watch?v=_hmVX8ZHU9s,All Magicians on Britain's Got Talent 2018 | Got Talent Global,866557,3942,388,Magician's Got Talent,Jun 8 2018,81K
https://www.youtube.com/watch?v=oBoLdXLx9So,TOP 10 MOST AMAZING POKER HANDS EVER!,378857,925,153,FuryTV,Oct 8 2017,54K
https://www.youtube.com/watch?v=DnN6YdsqCRU,ALL 5 GOLDEN BUZZER Britain's Got Talent 2018,25360052,200999,15253,Len Ken,May 19 2018,1.6M
https://www.youtube.com/watch?v=l0AQ2Ceh2C0,Freaky Eaters | Meat Addict (Full Episode) | Only Human,4712320,29576,2162,Only Human,Aug 9 2017,627K
https://www.youtube.com/watch?v=7fs0qMsbxc8,New Zealand fall of wickets 3rd t20 2011,698309,3754,391,MSZ,Sep 27 2017,126K
https://www.youtube.com/watch?v=MM62hPoutzc,23 CLEVER HACKS FOR EVERY OCCASION,23563091,128443,16925,5-Minute Crafts,Mar 29 2018,25M
https://www.youtube.com/watch?v=ET5zvN4Ah_0,Darci Lynne All Performances Compilation: Americas Got Talent Season 12,21445273,165175,8003,Daniel Jerico Dela Cruz,Sep 22 2017,43K
https://www.youtube.com/watch?v=DRsvWR48pbw,BEST Magic Show in the world - BEST Magician America's Got Talent,8612291,53704,1803,Len Ken,Sep 11 2016,1.6M
https://www.youtube.com/watch?v=Wj-hVo3aqWY,The Sacred Riana Grand Final – VOTING CLOSED | Asia’s Got Talent 2017,23855907,225944,10588,Asia's Got Talent,Dec 7 2017,1.3M
https://www.youtube.com/watch?v=yKToUPOl1Xk,10 MOST VIEWED AUDITIONS OF ALL TIME From Britain's Got Talent!,25861462,218300,10940,Top Talent,Jan 17 2018,805K
https://www.youtube.com/watch?v=z9b6G2S6Jdc,TOP 4 GOLDEN BUZZER America's Got Talent 2018,14203342,129752,5970,Len Ken,Jun 20 2018,1.6M
https://www.youtube.com/watch?v=xjGK0w9Dmjk,Britain's Got Talent S08E06 Ricky K's Comedy Love Story Makes Simon LOL,1252361,7269,128,Anthony Ying,May 19 2014,1.6M
https://www.youtube.com/watch?v=Ax7tmaYObIQ,Boogie Storm make Simon’s dream come true! | Auditions Week 5 | Britain’s Got Talent 2016,84974554,622596,17959,Britain's Got Talent,May 7 2016,10M
https://www.youtube.com/watch?v=3bxtDVndRqI,Card Magician Wows Tyra Banks on Stage! | America's Got Talent | Got Talent Global,1515534,8359,589,Got Talent Global,Jun 2 2018,4.2M
https://www.youtube.com/watch?v=dGE5TYoNa6s,Britain's Got Talent 2018 | WEEK 2 | Auditions | Got Talent Global,3524369,19057,1431,Got Talent Global,Apr 27 2018,4.2M
https://www.youtube.com/watch?v=7qhpSM1UYgI,BEST and WORST LOOK A-LIKES on Got Talent and X Factor! | Top Talent,936925,15494,531,Top Talent,May 30 2018,805K
https://www.youtube.com/watch?v=VqHTqoZqLGY,Britain's Got Talent 2018 | WEEK 1 Auditions | Got Talent Global,5263447,26311,2336,Got Talent Global,Apr 20 2018,4.2M
https://www.youtube.com/watch?v=ZZZfJa1U-yI,Acts Who CAME BACK! Part Two | Top Talent,894043,8998,432,Top Talent,Jun 22 2018,805K
https://www.youtube.com/watch?v=5oN_3zLKtuk,ALL 5 GOLDEN BUZZER Auditions On Britain's Got Talent 2018 | YouTube Got Talent,416247,2120,252,YouTube Got Talent,May 21 2018,1.1M
https://www.youtube.com/watch?v=X1zEOa4EMBY,"TOP 16 AMAZING GOT TALENT AUDITIONS WORLDWIDE, Best Ever First Class Acts, AGT - BGT 2017",1018116,3528,500,mike- rayner-videos,Nov 16 2017,78K
https://www.youtube.com/watch?v=xsGlv3ei6Wg,Simon Cowell funniest moments on Britain's Got Talent,378437,3851,80,Maysvids,Apr 20 2018,5.3K
https://www.youtube.com/watch?v=8J8Q7e27SAY,American Idol - Double Shock,6693658,17043,2091,channelthefamily,Sep 12 2007,1.3K
https://www.youtube.com/watch?v=X7BhauUXKYg,15 Things You Didn’t Know About Simon Cowell,72313,836,52,Alux.com,Feb 26 2018,1.3M
https://www.youtube.com/watch?v=CTaEiVNnOOM,Simon's brat: Demi Lovato,943835,10231,216,Lou Abreu,Jul 9 2016,25K
https://www.youtube.com/watch?v=rgDtgyzVZYk,Al Bundy's Best Insults,7219801,51327,1383,Tributevideo,Oct 25 2011,7.2K
https://www.youtube.com/watch?v=EKrEtyJ8MdU,Howard Stern Makes 7-year-old Rapper Cry on America's Got Talent | @kollegekidd,89324026,372284,44941,Kollege Kidd,May 24 2012,318K
https://www.youtube.com/watch?v=29FnEFMJ1Gc,Simon Cowell & David Walliams On The Jonathan Ross Show 24.3.2012,3329145,18317,455,ReplayTvHD,Mar 25 2012,25K
https://www.youtube.com/watch?v=TjVi90XOyHk,Top 10 Worst & Cringiest American Idol Auditions,369398,2361,183,Top Ten Daily,Oct 21 2017,45K
https://www.youtube.com/watch?v=sWFe7IiNWEo,Demi Lovato & Simon Cowell | Funny Moments [part 1/5],9017747,63230,1094,LucyHaleQuotes,Jan 2 2013,19K
https://www.youtube.com/watch?v=gWZ3j8MfkJE,Cheryl Clashes With Contestant | X Factor Global,6870221,58330,3879,X Factor Global,Jul 10 2017,1.2M
https://www.youtube.com/watch?v=EdwjEk38Bc0,Simon Cowell & BGT Epically Pranked By Rapping Rabbi,6959878,73478,6005,All 4,Feb 9 2017,97K
https://www.youtube.com/watch?v=4dWj8OhBxM4,Best of Simon Cowell's Insults,535820,2865,174,Quinn Baker,Apr 9 2015,305
https://www.youtube.com/watch?v=WGvBAhvVaHA,Simon Cowell's Funny Fan Auditions On American Idol | Idols Global,666018,6481,239,Idols Global,Feb 8 2017,240K
https://www.youtube.com/watch?v=sHT9FaHtdX8,UNCONVENTIONAL Domino Tricks! - Hevesh5 & Kaplamino,2337199,20725,1133,Hevesh5,Oct 21 2017,1.8M
https://www.youtube.com/watch?v=pph9NzQL4sU,Simon Cowell is in a Really BAD MOOD Buzzing Off Great Acts | America's Got Talent 2017,2778455,23300,954,Talent Recap,Aug 8 2017,1.5M
https://www.youtube.com/watch?v=ENKHjLJgraQ,Simon Cowell Most Savage Moments - Insults Edition #SimonChallenge,2413469,21583,1148,YaBoiDJ,Aug 31 2016,48K
https://www.youtube.com/watch?v=FPCz51JPs3c,Extras - INSANE Domino Tricks,906559,3153,112,Hevesh5 Extras,Nov 10 2013,21K
https://www.youtube.com/watch?v=ARM42-eorzE,INSANE Domino Tricks! (Hevesh5 & MillionenDollarBoy),112188117,763623,28163,Hevesh5,Nov 10 2013,1.8M
https://www.youtube.com/watch?v=RilPiSVROJ4,HOW TO USE OUR MUSIC (ACTIVITY MUSIC),10457,61,7,ActivityMusic,Mar 26 2014,12K
https://www.youtube.com/watch?v=EBOE2_xYg3I,Guinness World Record - Longest domino wall,9791285,36466,3041,Sinners Domino Entertainment,Dec 16 2012,232K
https://www.youtube.com/watch?v=KvwmJIjntvw,Epic Bean | Episode Compilation 24 | Mr. Bean Cartoon,7867074,21923,6127,Mr Bean Cartoon World,Jan 3 2018,1.1M
https://www.youtube.com/watch?v=a2kADlsUhIc,Huge Amusement Park for children Vlad and Nikita have Fun,816174,3946,1566,Vlad and Nikita,Jul 5 2018,
https://www.youtube.com/watch?v=7BVr6LaC_HQ,Spectacular Domino Rally Stunt Screen Link,25165030,128128,7089,FlippyCat,Jun 6 2014,343K
https://www.youtube.com/watch?v=PeZelHaaQKk,ᴴᴰMr Bean Full Episodes! The Best Cartoons! New Collection 2016 Part 2,39679567,83215,26438,Bean Bean Tv,Dec 28 2016,
https://www.youtube.com/watch?v=_U7EHaafoxs,MINECRAFT - Comment faire une maison sur l'eau (ps4),1052986,3688,454,Littlelo,Apr 11 2017,5.8K
https://www.youtube.com/watch?v=VV5fUFfbtLQ,LEGO City Politie - De ontsnapping van gevangenis eiland,2955665,4077,903,Intertoys,Oct 24 2016,22K
https://www.youtube.com/watch?v=I_J3Rknazzs,اكلات الشوارع حول العالم - ايس كريم على الصاج بكرات كيندر سبرايز,10983133,52575,9644,اكلات الشوارع حول العالم street food ll,Sep 8 2017,264K
https://www.youtube.com/watch?v=HqwVFXyCfOI,Best of Hevesh5 (8),11246475,79605,5357,Hevesh5,Dec 30 2017,1.8M
https://www.youtube.com/watch?v=zSPasbw4A4s,LARVA - COIN TOSS | Larva 2017 | Cartoons For Children | Larva Cartoon | LARVA Official,14244304,39759,8729,Larva TUBA,Nov 14 2017,2.9M
https://www.youtube.com/watch?v=zI_MAdUe1oM,Moon Baby Learn Colors with Wall Paint Funny Story! Popular Kids Songs by Cartoons Sun & Moon,207814,634,383,MCX Channel TV,Jul 5 2018,
https://www.youtube.com/watch?v=PhLtHQi3yM4,WE GOT A NEW SWIMMING POOL!!!,4199181,7462,1923,Ryan's Family Review,Jun 4 2018,2.1M
https://www.youtube.com/watch?v=WnTWGdTuWFA,BEST ARCADE GAME JACKPOT EVER! - Arcade Adventures,5758455,32022,3062,Arcade Warrior,Oct 28 2016,1.2M
https://www.youtube.com/watch?v=esE-zbQ3OMU,Funny Animated Cartoon | Spookiz What's The Time Mr Wolf Goes Wrong 스푸키즈 | Cartoons for Kids,2205176,4601,1660,Spookiz - Cartoons for Children,Jul 6 2017,1.2M
https://www.youtube.com/watch?v=I4t-p3rRI1A,Colours For Kids To Learn Kinetic Sand Rainbow Bath for Baby #w | Learning Video Collection for Kids,,,,BINBON TOYS,on Jun 10 2018,
https://www.youtube.com/watch?v=T56WnaTS-UE,LARVA - YELLOWS LEMON STAND | Larva 2018 | Cartoons For Children | Larva Cartoon | LARVA Official,15430815,41547,8973,Larva TUBA,Jan 5 2018,2.9M
https://www.youtube.com/watch?v=IsbQxHdvjV4,All Morning Routine and Night Routine!!!,13399822,20949,8575,Ryan ToysReview,Jun 12 2018,14M
https://www.youtube.com/watch?v=Tv6WImqSuxA,JPB - High [NCS Release],15128947,254895,2635,NoCopyrightSounds,Feb 1 2015,17M
https://www.youtube.com/watch?v=YCDbiAhxJ4M,"200,000 Dominoes - The Incredible Science Machine",12969933,80008,4188,Hevesh5,Aug 1 2015,1.8M
https://www.youtube.com/watch?v=8kV_187iPqU,"Domino ScreenLink from Bethany Mota's ""Need You Right Now"" Lyric Video",18484860,133905,5705,Hevesh5,Feb 21 2015,1.8M
https://www.youtube.com/watch?v=tvE57GzlYVc,What's In The Box Challenge || Mom vs Daughter || Aayu and Pihu Show,175196,3045,346,Aayu and Pihu Show,Jul 5 2018,116K
https://www.youtube.com/watch?v=pzx2M8YTVa8,Tobu & Axero - Two Sides,347539,8782,114,Tobu,Feb 22 2016,960K
https://www.youtube.com/watch?v=vb3ks4WllXA,Jim Yosef - Lights [NCS Release],10348710,94354,1423,NoCopyrightSounds,May 2 2015,17M
https://www.youtube.com/watch?v=YikemsjJo-o,15 AWESOME LIFE HACKS WITH SOAP,9278012,20220,7734,Power Vision,Apr 9 2018,2.3M
https://www.youtube.com/watch?v=SKOQRN4l8xg,17 FANTASTICHE CREAZIONI CON I PALLONCINI,176739,1289,144,5 MINUTI CREATIVI,Jun 3 2018,132K
https://www.youtube.com/watch?v=TYLcOC2E4FQ,Wow! 9 Awesome School Life Hacks YOU SHOULD KNOW,1391140,5967,1618,TQT HACKS,Apr 21 2018,270K
https://www.youtube.com/watch?v=PnE07TRseZw,How to Sneak Candy in Class! School Pranks and 15 DIY Edible School Supplies!,104430736,596552,78259,SaraBeautyCorner - DIY Comedy Makeup Nail Art,Jan 25 2018,8.5M
https://www.youtube.com/watch?v=HFt6nfI-c3E,DIY Coca Cola F1 Racing Car from Cans,10332978,46348,5921,The Q,May 6 2018,4.3M
https://www.youtube.com/watch?v=6cKFEDVvlDA,7 MINECRAFT GLITCHES!,3501781,22110,1876,UnspeakableGaming,Jul 12 2016,4.9M
https://www.youtube.com/watch?v=AQmRNOLthSs,10 Amazing Unicorn Themed Easy Dessert recipes | DIY Homemade Unicorn Buttercream Cupcakes & More,36923703,149869,18319,So Yummy,Feb 21 2018,1.8M
https://www.youtube.com/watch?v=oW3GwO3VCVo,John Kenza - Wicked [NCS Release],3733961,87379,1140,NoCopyrightSounds,Mar 23 2017,17M
https://www.youtube.com/watch?v=ujxIWx65Aks,3 COLORS OF GLUE SLIME CHALLENGE CHALLENGE MYSTERY WHEEL OF SLIME EDITION,3783627,27639,8345,Life with Brothers,Jun 14 2018,2M
https://www.youtube.com/watch?v=RXDaoUZnORY,Best Upcoming Animated Movies Full Trailers (2018) HD,10885940,53133,4842,Viral MEDIA,Apr 6 2018,319K
https://www.youtube.com/watch?v=D3NGXtoY-4s,5 AWESOME BALLOON TRICKS!,45705848,85320,61730,Power Vision,Aug 8 2017,2.3M
https://www.youtube.com/watch?v=R8L1uABlWcI,Mickey Mouse & Minnie Mouse Learn Colors Funny Story! Daddy Finger Cartoon for Kids,338304,960,345,Zera TV,Jul 5 2018,
https://www.youtube.com/watch?v=Fs0gthpV8UY,Как сделать Машинку для Печати Денег из ЛЕГО !,3361194,38928,11045,MLS Production,Mar 10 2018,175K
https://www.youtube.com/watch?v=Bme0ERvp7w0,15 AWESOME LIFE HACKS OR CREATIVE IDEAS,36382971,58891,24070,SKARINI,Apr 16 2018,130K
https://www.youtube.com/watch?v=giLdojJjFtw,19 TRUCOS QUE TE HARÁN LA VIDA MÁS FÁCIL,3549760,37093,2861,Troom Troom Es,Mar 29 2018,4.5M
https://www.youtube.com/watch?v=TqgMgju_DKI,Kids Go To School | Chuns and Best Friends Play Toy In Ball House Children's Toys City,138795,438,191,Chuns Chuns,Jul 5 2018,
https://www.youtube.com/watch?v=9JSlz_10Co8,Best Arabic House Music Mix 2017 - Shuffle Dance Video HD,5916997,38550,2729,Amulticult,Aug 25 2017,22K
https://www.youtube.com/watch?v=ZulwKDO-6B4,Saad Lamjarred - GHALTANA (EXCLUSIVE Music Video) | (سعد لمجرد - غلطانة (فيديو كليب حصري,196918138,1179460,120524,Saad Lamjarred | سعد لمجرد,Aug 25 2016,5.1M
https://www.youtube.com/watch?v=qoE_L8Gzce0,16 UNUSUAL RIDDLES TO PLAY MIND TRICKS ON YOU,954034,3996,936,7-Second Riddles,Jun 6 2018,827K
https://www.youtube.com/watch?v=5dWeeUIZFgA,Khaled - C'Est La Vie,117262160,756499,38520,KhaledMusicVEVO,Sep 12 2012,402K
https://www.youtube.com/watch?v=JKDLN6v1D-o,DIY How to Make LAY'S Chips and Coca Cola Vending Machine,2338443,15233,1454,Target Engineer,May 8 2018,220K
https://www.youtube.com/watch?v=ejvpVhvKesM,3 Daqat - Abu Ft. Yousra  ثلاث دقات - أبو و يسرا,296240164,1491606,157990,Abu music,Oct 12 2017,844K
https://www.youtube.com/watch?v=eegqdTZumfU,ᴴᴰ Mr Bean Best Cartoons! NEW FULL EPISODES 2016 # 1,15102426,37501,11416,Donald Duck Love,Dec 31 2016,
https://www.youtube.com/watch?v=0KNk-Joi-NM,Tera Ghata | Gajendra Verma Ft. Karishma Sharma | Vikram Singh | Official Video,24938835,568259,11279,Gajendra Verma,May 18 2018,343K
https://www.youtube.com/watch?v=QUBvVTNRp4Q,حسين الجسمي - بشرة خير (فيديو كليب) | Hussain Al Jassmi - Boshret Kheir | 2014,310234646,,,Hussain Al Jassmi | حسين الجسمي,May 16 2014,2.2M
https://www.youtube.com/watch?v=EvHW5vBSPjk,Saad Lamjarred - LET GO (EXCLUSIVE Music Video) | (فيديو كليب حصري) LET GO - سعد لمجرد,137159150,1290695,131186,Saad Lamjarred | سعد لمجرد,Aug 8 2017,5.1M
https://www.youtube.com/watch?v=2JOZ-fEuB6c,Yalili şarkısı  Kore versiyonu,7086418,30814,4882,Musa games,Apr 28 2018,22K
https://www.youtube.com/watch?v=IJHPpTYtIqk,Balti - Ya Lili feat. Hamouda (Official Music Video),350894683,2495437,209194,Thisiz Balti,Oct 28 2017,2.2M
https://www.youtube.com/watch?v=BYKWNazJFpU,Chawki - Tsunami (EXCLUSIVE Music Video) | (شوقي - تسونامي (فيديو كليب حصري,115197805,663163,50900,ChawkiOfficial,Feb 27 2016,719K
https://www.youtube.com/watch?v=QQ5PFmXB-Tg,مصطفي حجاج - يامنعنع الفيديو الرسمي - ( MOSTAFA HAGAG - Ya Mnana3- (official Music Video,139211307,389805,79925,Nj Music Productions,Sep 23 2015,453K
https://www.youtube.com/watch?v=pRpeEdMmmQ0,Shakira - Waka Waka (This Time for Africa) (The Official 2010 FIFA World Cup™ Song),1925481485,6861154,459126,Shakira,Jun 4 2010,22M
https://www.youtube.com/watch?v=1Q9jbYlxOs0,كليب الطلقة الروسية - أنس كريم Tala2a Clip 2014,74165149,206497,26918,بابلي تولز | Publitools,Feb 3 2014,1.2M
https://www.youtube.com/watch?v=cedoBlUvBlI,Era Istrefi - Bonbon (Official Video),591913088,3051432,171350,Ultra Music,Mar 7 2016,13M
https://www.youtube.com/watch?v=lhnmVSB-Rxc,Saad Lamjarred - Ghazali (EXCLUSIVE Music Video) | 2018 | ( سعد لمجرد - غزالي ( فيديو كليب حصرياً,101668261,1116624,149956,Saad Lamjarred | سعد لمجرد,Mar 9 2018,5.1M
https://www.youtube.com/watch?v=PUUvj9CxUYU,محمد السالم - نعم انته (النسخة الأصلية) | 2016 | (Mohamed Alsalim - Naam Enta (EXCLUSIVE Lyric Clip,178258565,715800,68533,Mohamed AlSalim | محمد السالم,Dec 28 2015,2.6M
https://www.youtube.com/watch?v=z2bWGwwPG-s,Football׃ Song (Hello) -Adele : Lionel Messi●Neymar Jr,33416588,271860,15074,Overlove channel,May 17 2017,608K
https://www.youtube.com/watch?v=RdvxvQ9h2AA,Cairokee - Wrong way blues / كايروكي - السكه شمال في شمال,51977913,392291,21141,CairokeeOfficial,Jul 10 2017,1M
https://www.youtube.com/watch?v=9LhLjpsstPY,The Exam | Mr. Bean Official,21277211,122607,6265,Mr. Bean,Oct 10 2012,8M
https://www.youtube.com/watch?v=h9rS-oXeah4,"Vaastav (1999) Full Hindi Movie | Sanjay Dutt, Namrata Shirodkar, Sanjay Narvekar, Paresh Rawal",26920126,67213,12766,GoldminesAction,Aug 6 2015,3.4M
https://www.youtube.com/watch?v=45VJ87jGoiw,Hair by Mr. Bean of London | Episode 14 | Classic Mr. Bean,7845109,21955,3764,Classic Mr Bean,Jul 4 2017,1M
https://www.youtube.com/watch?v=2_cDB2pR6eY,School Open Day | Mr. Bean Official,7732693,15166,1567,Mr. Bean,Dec 17 2009,8M
https://www.youtube.com/watch?v=uuUacfGqt-k,Picture Not So Perfect | Funny Clips | Mr Bean Official,1927888,7795,1679,Mr. Bean,Feb 28 2018,8M
https://www.youtube.com/watch?v=g3WMh4oph90,Tenali Raman stories in Kannada | Moral Stories for kids | Animated Stories for Children,125497,364,88,Pebbles Kannada,May 3 2018,26K
https://www.youtube.com/watch?v=G8oCqik9A9U,كرتون مستر بين الجديد || مغسل السيارات || حلقات جديدة HD 2017,33281378,112045,30541,Mister Bean Number One Fan in HD - Full Episodes,Dec 8 2017,2.9M
https://www.youtube.com/watch?v=bS1ePEZZCDY,Sandwich Making | Funny Clip | Mr. Bean Official,38517545,85553,9857,Mr. Bean,Sep 4 2009,8M
https://www.youtube.com/watch?v=g-Rcsr2C1hM,Jadooi aaina Full - Hindi Story for Children | Panchatantra Kahaniya | Moral Short Stories for Kids,6829012,16507,5271,Fairy Toonz Hindi,Sep 21 2017,424K
https://www.youtube.com/watch?v=J0cZK1c0wpE,At the Dentist | Mr. Bean Official,21902429,38425,6916,Mr. Bean,Nov 2 2012,8M
https://www.youtube.com/watch?v=O00C_z856mg,Funny Animals Trolling Babies and Kids # 11|  Funny Babies and Pets,933561,4672,564,Funny Babies and Pets,May 15 2018,261K
https://www.youtube.com/watch?v=RyDY0hiMZy8,Mr Bean - Library,25324236,66400,4055,Ledio Gurakuqi,Dec 28 2006,17K
https://www.youtube.com/watch?v=3nHDl5okUQM,Mickey Mouse And Pluto Best Full Episodes Donald Duck,9556490,14264,6102,Cartoon TV,Mar 9 2017,69K
https://www.youtube.com/watch?v=8pumMR_04R0,Bandar Aur Bakri Ka Khel - Funny Video | Comedy Video From My Phone,10634426,15577,6295,People Are Awesome,Apr 26 2018,573K
https://www.youtube.com/watch?v=_i3bFbHHBNY,7 COOLEST CARS IN THE WORLD,2039860,6284,748,TechZone,Dec 9 2017,885K
https://www.youtube.com/watch?v=6lIPvYGex2s,Shopping with Bean | Classic Bean,6438398,22821,3116,Classic Mr Bean,Jan 3 2018,1M
https://www.youtube.com/watch?v=sOhhtQTNoiU,The FUNNIEST and CUTEST video you'll see today! - TWIN BABIES Adorable Moments,16248687,54543,8713,BabiezTV,Jun 3 2018,1.2M
https://www.youtube.com/watch?v=z2G6FB8F4ac,Mr Bean - فلم مستر بن كامل,3773238,13600,2434,Mister Bean Number One Fan in HD - Full Episodes,Dec 23 2017,2.9M
https://www.youtube.com/watch?v=NYsIgcr-uAM,Mr Bean The Animated ''Dinner for Two'' Episode 09 part 2,1012321,3216,441,Radje91,Aug 7 2009,5.5K
https://www.youtube.com/watch?v=te9lO0nbXhk,Eyes Peeled | Funny Clips | Mr Bean Official,935379,5584,486,Mr. Bean,Jun 1 2018,8M
https://www.youtube.com/watch?v=9PoWjm5VXcA,Worst audition ever!,14836839,67057,24303,Highrule1032,Aug 21 2010,6.5K
https://www.youtube.com/watch?v=KkKaTeWI3KM,The X Factor 2008 Auditions - Ant and Seb (Ant and Deaf),2240039,8611,326,Adam2502,Aug 17 2008,895
https://www.youtube.com/watch?v=xrTWmDfqFSU,Nick Zitzmann - the real audition,446066,1288,459,realaudition,Jan 30 2010,346
https://www.youtube.com/watch?v=h6e1E8vAAvU,Ian Bernardo - So you think you can Dance,743808,4312,309,ZeroSeek0,May 19 2009,222
https://www.youtube.com/watch?v=moUsIo_Rajw,5 UNFORGETTABLE BEST & WORST Audition Moments On American Idol | Idols Global,546108,6131,184,Idols Global,Feb 12 2018,240K
https://www.youtube.com/watch?v=IVT0777RFMI,Family Feud Fails Compilation | Family Feud Funny Moments,5928581,34391,1817,T-Bell,Aug 2 2016,4.6K
https://www.youtube.com/watch?v=DUJ9Rlbnz_Q,The WEIRDEST American Idol Audition,3512728,11855,826,GeoSlivers,Jun 30 2009,565
https://www.youtube.com/watch?v=0_e-TUhRbrI,Britain's Got More Talent 2009 - Eugene,18959340,83069,2953,ibwonders,May 16 2009,5.1K
https://www.youtube.com/watch?v=P43ovkbCkxE,America’s Got Talent 2015 - The Best of The Professional Regurgitator,2605804,17985,806,AmazingSingles,Sep 23 2015,269K
https://www.youtube.com/watch?v=7_Ybl0Qvves,American Idol - Ten Worst Singers Ever,3312183,15935,1435,saboutlearn2sing,Jul 8 2011,9.2K
https://www.youtube.com/watch?v=lGwXtmcIsYQ,BRITNEY Fan Won't Leave After Audition Goes Wrong! | X Factor Global,1108726,13379,745,X Factor Global,Jun 12 2018,1.2M
https://www.youtube.com/watch?v=qLVKPL9FwNQ,Ant & Seb - Mysterious Girl on X Factor,5993800,19768,955,Jez Ross-Smith,Aug 26 2008,1K
https://www.youtube.com/watch?v=szJd7pWwOeE,TOP MOST VIEWS America's Got Talent NEW UPDATE,6903681,26947,2510,Len Ken,Mar 23 2017,1.6M
https://www.youtube.com/watch?v=nxi_G9qafwE,"American Idol Audition - Aven Moore - ""Tomorrow""",75427,481,18,FJNDCC,Jun 20 2010,2.1K
https://www.youtube.com/watch?v=QqbFTxryeIA,Top 3 Cubic Minecraft Animations | My Best Funny Videos in November 2016,12446699,21533,4294,Cubic Animations,Dec 11 2016,516K
https://www.youtube.com/watch?v=QvZUBiVMIzk,POKEMON Play-Doh and MAGIC MICROWAVE Surprise Cooking Playset | Compilation,12231681,44684,8323,Toys Unlimited,Oct 15 2016,5.2M
https://www.youtube.com/watch?v=nM9Z_zO-9nE,Kick the Buddy With BLOOD | Gameplay Walkthrough | All Appliances,225428,1274,163,Mr. Chaliche,Jul 5 2018,198K
https://www.youtube.com/watch?v=X05fdJQRia8,BIRTHDAY KITTEN SURPRISE! - Ollie’s 3rd Birthday Special,31596897,108583,8511,Daily Bumps,Jul 28 2016,3.5M
https://www.youtube.com/watch?v=ZJMr4X5BaeI,Sergeant Cooper the Police Car Part 2 - Real City Heroes (RCH) | Videos For Children,74449038,100116,35250,coilbook™ | Learning For Children,Jan 8 2017,1.7M
https://www.youtube.com/watch?v=oMUM-QnqJ6M,Old MacDonald Had a Farm | +More Nursery Rhymes & Kids Songs - ABCkidTV,15846425,53556,28132,ABCkidTV - Nursery Rhymes,May 18 2018,11M
https://www.youtube.com/watch?v=rnQkDbHzpkE,Pokemon In Real Life 2018 | Top 25s | All Characters,8997350,47279,8248,Top 25s,Mar 11 2018,
https://www.youtube.com/watch?v=9IY65CsFgjE,How to Escape the Giant Fat Guy Obby ?!? / Roblox,8431899,40874,5835,ronaldOMG,Sep 3 2016,1.4M
https://www.youtube.com/watch?v=xdsEqdl0lQY,Top 10 Strongest Pokemon Owned By Ash,5471860,37269,3808,MysticUmbreon,Mar 4 2017,239K
https://www.youtube.com/watch?v=9AlFeVUm-zI,Little Kitten My Favorite Cat Pet Care - Play Fun Cute Little Kitten Animation Games For Children,28464,122,33,mypenpenguin,Jul 4 2018,314K
https://www.youtube.com/watch?v=EpFOGEly9e8,Mario Party 9 Step It Up - Mario vs Luigi Master Difficulty Gameplay | Nintendo Switch,19247,77,21,PlayCow.com,Jul 5 2018,2.2M
https://www.youtube.com/watch?v=Pq7Jz6GKRyE,Incredibles 2 Kids vs Parents HUGE Game Day McDonalds Unboxing! With Jack Jack and Violet!,131922,683,142,TBTV Toy Adventures,Jul 5 2018,268K
https://www.youtube.com/watch?v=CYMQwEHzH_k,Pacman vs Pokemon,36372736,61151,17419,Antonio Palmucci,Nov 30 2017,1.2M
https://www.youtube.com/watch?v=wwTMOBRMZ2A,Little Kitten My Favorite Cat Pet Care - Play Cute Kitten Video Games For Children,45536,188,53,ArcadeGaming,Jul 5 2018,989K
https://www.youtube.com/watch?v=ikh61capNrE,Drawing Pokémon From Memory w/ Jaiden Animations,12218978,202044,4237,TheOdd1sOut,Oct 1 2016,7.3M
https://www.youtube.com/watch?v=rE4tdIsKeb4,Top 10 Unofficial Pokemon You Probably Didn't Know About!,4520170,49685,5484,Dobbs,Jul 6 2016,559K
https://www.youtube.com/watch?v=9DIsFwqVFyw,"Pokémon: Pikachu, ¿qué llave es? | Corto P17 [Castellano]",3858652,10406,2007,Canal PokémonTV,Mar 5 2018,13K
https://www.youtube.com/watch?v=3gq2DtW9Cl4,LEGO POKEMON FUNNY MOVIE FOR KIDS,1752002,3358,1432,Poke Humor,Sep 19 2017,215K
https://www.youtube.com/watch?v=XeONYv5GBoE,FEAR Sawk is THE MOST UNFAIR POKEMON IN THE GAME!,303302,3060,1099,Verlisify,Jan 26 2018,421K
https://www.youtube.com/watch?v=eQynuCD0NW4,Pokémon origins episode 1,972789,7110,403,Gamer Nation,Jul 2 2015,14K
