URL,Title,Views,Likes,Dislikes,Channel Name,Subscribers,Publish Date
https://www.youtube.com/watch?v=U_bZhyQEPz4,ÿ¢ŸÑÿ≥€å ÿ®ÿ±€ÅŸÖŸÜ | The Lazy Brahmin Story in Urdu | Stories in Urdu | Urdu Fairy Tales,"232,420",976,182,Urdu Fairy Tales,398K,"Jul 3, 2018"
https://www.youtube.com/watch?v=YKhu2Uqmh00,"Best cricket match in the history of tapeball cricket, Khuram Chakwal vs Achi but, 2018 sialkot","185,378","1,964",167,Sports PK,2.9K,"Jun 3, 2018"
https://www.youtube.com/watch?v=svVfo34U4iI,Top 20 Ronaldo Goals That Shocked The World,"5,659,184","29,249","1,990",mr bundesteam,650K,"Nov 29, 2017"
https://www.youtube.com/watch?v=F7hxUFPuxJA,Pakistan vs New Zealand 1992 World Cup Semi Final Highlights HD (Rare),"1,806,175","4,976",951,MSZ,126K,"Feb 18, 2018"
https://www.youtube.com/watch?v=CaXBZxMaugM,Real Madrid vs Barcelona 0-3 - La Liga 2017/2018 - Full Highlgihts (English Commentary) HD 1080i,"2,634,438","12,929","1,414",GugaTV,574K,"Apr 18, 2018"
https://www.youtube.com/watch?v=6rzlfG6Xkg0,England Smash World Record 481-6 | England v Australia 3rd ODI 2018 - Highlights,"9,914,023","66,647","4,646",England &amp; Wales Cricket Board,689K,"Jun 19, 2018"
https://www.youtube.com/watch?v=6MO--7vi9GI,Sharjeel Khan 74 Runs Off 47 Balls vs Australia - Pakistan vs Australia 4th ODI 2017,"570,386","2,411",260,Cricket Highlights,,"Jan 16, 2018"
https://www.youtube.com/watch?v=c-EU5FxQwjI,Portugal vs Estonia 7-0 | All Goals & Extended Highlights,"4,386,483","23,429","2,588",mr bundesteam,650K,"Jun 9, 2018"
https://www.youtube.com/watch?v=MrsRN07EnJw,The King Of Swing At His Best: Anderson Takes Brilliant 7-43 v New Zealand 2008 - Full Highlights,"1,411,047","10,855",580,England &amp; Wales Cricket Board,689K,"Mar 26, 2018"
https://www.youtube.com/watch?v=9pr_bSw0Ng0,Muhammad Amir Destroyed Australian Batting W W W W W W W T20 Series 2010,"9,449,359","23,260","8,901",MSZ,126K,"Sep 24, 2017"
https://www.youtube.com/watch?v=G0Zbm7OIe9E,All out 59 & 53- worst team batting ever in a test match. Pakistan shamed.,"2,493,729","5,819","1,221",robelinda2,337K,"Jan 11, 2012"
https://www.youtube.com/watch?v=zpHGzIHCoCA,ICC #WT20 Australia vs Pakistan Match Highlights,"6,470,026","12,274","2,187",ICC,968K,"Mar 25, 2016"
https://www.youtube.com/watch?v=xQzWN57YL3k,When revenge takes place in cricket (IND & PAK),"366,297",,,Hamza Manzoor,1.5K,"Jul 26, 2017"
https://www.youtube.com/watch?v=dBX_YDxzbbs,Highlights - Uruguay 1 vs 4 Brazil - 2018 Fifa World Cup Qualifiers - 03/23/2017,"2,021,923","20,288","1,227",Brazil in Soccer,248K,"Mar 23, 2017"
https://www.youtube.com/watch?v=Cy3s1G6KFvs,Peshawari Namkeen Gosht (english subtitles),"811,149","8,844",634,Yasmin's Cooking,363K,"Apr 12, 2017"
https://www.youtube.com/watch?v=Q8XhKyCvCZ8,5 Times Ronaldo Substituted & Changed The Game,"6,314,982","27,130","3,634",mr bundesteam,650K,"Oct 10, 2017"
https://www.youtube.com/watch?v=J-uKf0lAXsQ,Best Football Goals 2018 | HD,"66,289","1,022",24,IbraAlliance,385K,"May 28, 2018"
https://www.youtube.com/watch?v=NuG1ci3CNUc,Barcelona vs Real Madrid 1-3 All Goals & Highlights (Spanish Super Cup 2017),"13,442,205","49,913","7,802",AshStudio7,1.2M,"Dec 18, 2017"
https://www.youtube.com/watch?v=qK1QapVJ18Q,Shahid Afridi Perfect Revenge By Muralitharan - First Match Humiliated Second Match 6 6 4 6 6 6 4,"463,590","1,641",263,PTV Cricket,,"Jun 17, 2018"
https://www.youtube.com/watch?v=j0KNX0cRo5E,Australia vs Pakistan THRILLER @MCG CU SERIES 2000 !!EXPRESS HIGHLIGHTS!!,"406,894",891,316,Anirudh Kalra,115K,"Jul 23, 2017"
https://www.youtube.com/watch?v=ClSL6wRYSIY,Shahid Afridi 48 vs Australia 2009/10 HD,"3,533,443","6,416","1,188",Trevor Byers Cricket,232K,"Jul 18, 2011"
https://www.youtube.com/watch?v=Jy1zJR2rxRQ,IND VS BAN FINAL T-20 MATCH 2018 HIGHLIGHT :  DINESH KARTHIK - Last 2 Overs - 34 Runs in 12 Balls,"19,601,438","115,129","14,582",The SAK Tv,,"Mar 18, 2018"
https://www.youtube.com/watch?v=VEHidPoEyJw,Pakistan vs Sri Lanka T20 Match 2009 (Rare),"2,450,660","6,390","1,170",MSZ,126K,"Dec 20, 2017"
https://www.youtube.com/watch?v=xJBwzvd5T7E,Final Over- Pakistan vs India Asia Cup 2014,"1,114,751","6,278",885,Syed Ali Samama Rizvi,5.1K,"Apr 30, 2017"
https://www.youtube.com/watch?v=hfang61ecJA,Afridi Says Hat-trick Ball Who Cares - FEARLESS inning !!,"791,886","3,361",300,CricketCloud,368K,"Dec 25, 2017"
https://www.youtube.com/watch?v=zBrWuIM-d-0,The Very Best Cricketing Moments | India vs Pakistan | Vol 1,"3,034,326","8,736","2,215",WeSpeakCricket,250K,"Aug 4, 2017"
https://www.youtube.com/watch?v=7OlJ2tNIZOk,Top 7 Biggest Cheating Moments in Cricket History Ever | Worst Cheating in Cricket | Cric Star,"2,813,077","7,846","2,579",Cric Star,,"May 31, 2018"
https://www.youtube.com/watch?v=XuVQpkNsK40,Top 10 Best Yorkers By Shoaib Akhtar In Cricket,"4,344,624","22,287","2,206",TOP10 CRICKET,342K,"Aug 23, 2017"
https://www.youtube.com/watch?v=2mgOGt9lTYw,Shahid 'BOOM BOOM' Afridi CAMEO + SHOCKING 3rd Umpire Decision!!!,"1,442,897","3,678",712,Trevor Byers Cricket,232K,"Jul 28, 2015"
https://www.youtube.com/watch?v=6PfxRTGqsXU,10 Indian Cricketers Who Were Poor | Success Stories | Hindi,"3,707,492","38,205","2,035",5ocial,548K,"Apr 29, 2017"
https://www.youtube.com/watch?v=r2gFrIPnuP4,Super Over || Pakistan Vs Australia || 2nd T20 Match || 2012,"735,053","3,064",769,PTV Cricket,,"Apr 19, 2018"
https://www.youtube.com/watch?v=WJgWDFSpT8Y,Shahid Afridi Amazing 100 vs New Zealand Sharjah Cup 2001 2002(Super rare),"776,466","2,172",267,Straight Drive,146K,"Sep 28, 2017"
https://www.youtube.com/watch?v=AY23BXu2nQE,Shoaib Akhtar BRUTAL BOUNCER to Shane Watson 2002 GABBA,"7,882,487","15,258","1,762",robelinda2,337K,"Apr 20, 2012"
https://www.youtube.com/watch?v=nYSNB_tWeiI,"Amazing Life Story of Boom Boom Shahid Afridi, All the Time Great All Rounder of Pakistan Urdu/Hindi","398,845","4,573",321,Asif Ali TV,564K,"Apr 29, 2017"
https://www.youtube.com/watch?v=YTS9EFE2COE,Pakistan vs Australia 2nd T20 Match Super Over 7-9-2012,"4,515,664","6,202","1,571",Piterson Hug,6.6K,"Sep 7, 2012"
https://www.youtube.com/watch?v=Ux5kbmVefts,10 longest sixes in cricket history | Hindi Education,"358,791","2,698",464,Hindi Education,325K,"Feb 16, 2018"
https://www.youtube.com/watch?v=NZ-rkOY8sTY,Top 10 Best Bowled Wickets by Shoaib Akhtar in Cricket History of all Times,"2,627,730","25,282","1,520",TOP10 CRICKET,342K,"Jul 7, 2017"
https://www.youtube.com/watch?v=9uwO7xAuxys,Top 10 Most Dangerous Airports in the World Air Craft Landing And Take Off,"4,417,822","8,983","2,616",K TV,206K,"Dec 14, 2017"
https://www.youtube.com/watch?v=Dh2G5c1MuuI,"Chris Gayle Batting Fastest Fifty, & Longest Six in Cricket History , 50 runs of 12 balls ( HD )","13,184,650","71,847","9,549",Atique Rahman,,"Oct 27, 2016"
https://www.youtube.com/watch?v=M4RzFiyFz4c,shahid afridi best inings in psl semi final,"539,056","2,592",284,Cricket Overall Chaska,3K,"Sep 9, 2017"
https://www.youtube.com/watch?v=-gImHMFmj_k,SACHIN vs McGrath - This is Why We call SACHIN - GOD OF CRICKET ( He reply with BAT ),"8,624,075","30,212","3,699",CricketCloud,368K,"Dec 14, 2016"
https://www.youtube.com/watch?v=TdKgdVyJjJA,Highlights | BAN v IND | Asia Cup T20 FINAL | 2nd Innings,"1,026,225","1,613",432,Shahid Rassol,2.7K,"Mar 6, 2016"
https://www.youtube.com/watch?v=FbxQN2kqMTM,Best 50 Catches in Cricket Ever || Thanks for 50K Subcribers ||,"9,153,648","37,349","4,851",RangeRIX,259K,"Sep 17, 2017"
https://www.youtube.com/watch?v=5JxF78cZr5I,India vs Sri Lanka World Cup Final 2011 Full Highlights,"11,847,724","79,513","7,605",CricTopHitz,89K,"Mar 9, 2018"
https://www.youtube.com/watch?v=_N5hfJk-C_o,You Never Seen This Type Of Biryani Making | Muslim Mutton Briyani | Street Food,"635,164","2,013",575,KikTV Network,51K,"May 27, 2018"
https://www.youtube.com/watch?v=pmToiLGmZoc,Top 3 Hat tricks by Indian Players !!!,"9,484,470","43,321","3,481",I Love Cricket,709K,"Aug 1, 2016"
https://www.youtube.com/watch?v=MAzaJ9go2Jg,six sixes and presentation of yuvi.divx,"531,147","5,512",124,Abhinav Tagra,995,"May 5, 2012"
https://www.youtube.com/watch?v=cDP_qw5JA8E,Pakistan vs Australia Shahid Afridi crazy Batting vs Shane Watson  in test match,"1,288,499","5,126",831,Cricket Highlights,,"Oct 24, 2017"
https://www.youtube.com/watch?v=rtx2uTkew4c,India vs Pakistan 2nd ODI 2005 Highlights | MS DHONI 148 Match | Dhoni 1st ODI Century,"8,164,604","11,960","4,746",Darting Eagles,210K,"Nov 26, 2016"
https://www.youtube.com/watch?v=1ogD0aIpe9s,10 Impossible Things That Only Lionel Messi Is Capable of Doing ‚óè He Is A Super Human ‚óè HD,"18,749,166","112,537","7,941",NugoBasilaiaa,487K,"May 2, 2017"
https://www.youtube.com/watch?v=BcqaM_jTo58,"Afridi abusing Dhoni and Dhoni's Epic Reply : 4,6,4,4,6,6,4 **NEVER MESS WITH MSD..!!!**","8,886,039","20,491","3,110",Darting Eagles,210K,"Feb 17, 2017"
https://www.youtube.com/watch?v=k4gMDoT1i7s,Most Stupid Ways to Get RUNOUT In Cricket - Part 2 - LOL - Don't Miss!,"2,234,426","6,638","1,296",TK TV,230K,"Dec 29, 2017"
https://www.youtube.com/watch?v=tYWPFqAtzfc,Yuvraj Sixes vs Dhoni six,"5,978,361","34,006","3,183",cricket lovers S,28K,"Sep 15, 2015"
https://www.youtube.com/watch?v=F18rTG2KwIU,India vs Sri Lanka 3rd ODI 2005 Highlights - Jaipur | MS DHONI 183 Match | Dhoni 2nd ODI Century,"1,463,112","3,196",990,Darting Eagles,210K,"Nov 26, 2016"
https://www.youtube.com/watch?v=G4JDmIQXpbI,10 Wickets in a Cricket Match by Anil Kumble ‚óè‚ñ∫ W W W W W W W W W W,"4,542,194","18,559","1,375",cRiCkEt cRaZe,139K,"May 14, 2016"
https://www.youtube.com/watch?v=t8cziHtoKPU,india pakistan bowl out,"3,058,759","21,468","2,245",Rajesh Vasanth,12K,"Aug 17, 2009"
https://www.youtube.com/watch?v=oJF_AzhNNWk,7 Times Yuvraj Singh Looked Invincible In Cricket Field,"633,410","3,983",324,WeSpeakCricket,250K,"Jul 3, 2017"
https://www.youtube.com/watch?v=A8TPQAdWwBQ,Best Catches in Cricket History! Best Acrobatic Catches! PART-2 (Please comment the best catch),"15,568,600","40,473","6,779",CricketCloud,368K,"Aug 25, 2016"
https://www.youtube.com/watch?v=ZwEkxTd4gJQ,FIFA certified football turf -- testing procedure,"484,499","2,187",313,FIFATV,6M,"Feb 14, 2014"
https://www.youtube.com/watch?v=fJeJuc27ggE,Belgium v Japan - 2018 FIFA World Cup Russia‚Ñ¢ - Match 54,"12,542,030","87,534","4,574",FIFATV,6M,"Jul 2, 2018"
https://www.youtube.com/watch?v=gB3_ICJYBEc,"Club Classic: Messi, Barca rout Neymar, Santos","1,393,544","4,821",833,FIFATV,6M,"Dec 8, 2015"
https://www.youtube.com/watch?v=MUfh1d_RSOQ,Four-goal French too good for Canucks,"1,143,575","2,872",491,FIFATV,6M,"Jun 8, 2012"
https://www.youtube.com/watch?v=3axl6JVrdNs,Uruguay Vs Ghana And The Second Hand Of God (EXCLUSIVE),"1,718,790","6,369",955,FIFATV,6M,"May 12, 2018"
https://www.youtube.com/watch?v=4rp2aLQl7vg,Portugal v Spain - 2018 FIFA World Cup Russia‚Ñ¢ - MATCH 3,"54,749,203","394,524","33,033",FIFATV,6M,"Jun 15, 2018"
https://www.youtube.com/watch?v=EOgtthq5x9A,"World Cup Highlights: Argentina - Nigeria, USA 1994","4,068,727","7,875","1,539",FIFATV,6M,"Jun 24, 2014"
https://www.youtube.com/watch?v=RbmaLT320hw,Colombia v England - 2018 FIFA World Cup Russia‚Ñ¢ - Match 56,"10,222,794","56,109","5,287",FIFATV,6M,"Jul 3, 2018"
https://www.youtube.com/watch?v=q74-vmWYcLI,Stunning winner lifts Brazil in final for the ages,"326,986","1,288",85,FIFATV,6M,"Jul 13, 2013"
https://www.youtube.com/watch?v=6C6oOcDFmLY,France v Argentina - 2018 FIFA World Cup Russia‚Ñ¢ - Match 50,"15,669,084","104,357","6,569",FIFATV,6M,"Jun 30, 2018"
https://www.youtube.com/watch?v=mV7HZSq0gXE,COLOMBIA v URUGUAY (2:0) - 2014 FIFA World Cup‚Ñ¢,"621,101","2,914",233,FIFATV,6M,"Apr 23, 2018"
https://www.youtube.com/watch?v=a7IMPsyQg6k,BRAZIL v GERMANY (1:7) - 2014 FIFA World Cup‚Ñ¢,"2,266,186","13,724","1,835",FIFATV,6M,"Apr 26, 2018"
https://www.youtube.com/watch?v=auqyXFLZ_zw,Uruguay v Portugal - 2018 FIFA World Cup Russia‚Ñ¢ - Match 49,"17,445,678","92,441","8,610",FIFATV,6M,"Jun 30, 2018"
https://www.youtube.com/watch?v=pAUGJpu6FKo,BRAZIL v COLOMBIA (2:1) - 2014 FIFA World Cup‚Ñ¢,"962,582","4,508",473,FIFATV,6M,"Apr 25, 2018"
https://www.youtube.com/watch?v=QzWrbNmZT-M,The Best of Round of 16 - A Breathless Finish,"819,021","10,277",509,FIFATV,6M,"Jul 3, 2018"
https://www.youtube.com/watch?v=U1DZqSLVMrg,"Brazil v. Germany, Canada 2014 HIGHLIGHTS","975,048","2,318",429,FIFATV,6M,"Aug 25, 2016"
https://www.youtube.com/watch?v=bly2MB1A0cI,CAMEROON v BRAZIL (1:4) - 2014 FIFA World Cup‚Ñ¢,"1,089,931","3,700",602,FIFATV,6M,"Apr 19, 2018"
https://www.youtube.com/watch?v=5_iIW2DZ8nc,Croatia v Denmark - 2018 FIFA World Cup Russia‚Ñ¢ - Match 52,"9,267,046","45,285","3,234",FIFATV,6M,"Jul 1, 2018"
https://www.youtube.com/watch?v=OKjV2SQfKrw,Korea Republic v Germany - 2018 FIFA World Cup Russia‚Ñ¢ - Match 43,"23,901,242","180,404","14,194",FIFATV,6M,"Jun 27, 2018"
https://www.youtube.com/watch?v=I_YrTEiOVGo,Uruguay v Russia - 2018 FIFA World Cup Russia‚Ñ¢ - Match 33,"7,752,121","37,016","2,145",FIFATV,6M,"Jun 25, 2018"
https://www.youtube.com/watch?v=LIEuU8CZjGQ,Historical Tactical Snooker Battle!!! Ronnie O'Sullivan v Judd Trump 1080p,"5,132,910","17,489","1,945",Snooker Planet,,"Jun 16, 2017"
https://www.youtube.com/watch?v=9OhDrZ-GwlU,Top 10 Richest Cricketers in The World - Urdu,"2,327,901","30,033","3,307",PakiHolic,78K,"Jul 10, 2017"
https://www.youtube.com/watch?v=6eulv-JrG-k,15 Pakistani Cricketers With Their Lovely Wives,"6,696,163","18,588","3,995",Celebrity News,375K,"Jun 14, 2017"
https://www.youtube.com/watch?v=H3YTEO4p1rg,Reasons behind Imran Khan's historical decision call back Srikant to bat,"348,988",924,109,Life Channel,22K,"Dec 15, 2017"
https://www.youtube.com/watch?v=sJFDBkvuFbc,When Cristiano Ronaldo and Ibrahimoviƒá Made History in the Same Match,"24,224,034","126,439","12,149",g Element,649K,"Nov 10, 2017"
https://www.youtube.com/watch?v=2eCROXR6M7U,Unexpected Goals In Football,"6,917,599","91,875","6,732",M4K,458K,"May 21, 2017"
https://www.youtube.com/watch?v=kj7uMD5lwsc,Best Of Nasir Chinyoti and Tariq Teddy New Pakistani Stage Drama Full Comedy Funny Clip,"2,382,994","4,925","1,082",Pk mAST,823K,"May 16, 2017"
https://www.youtube.com/watch?v=hKOi0eZRDrM,Top 10 Funny Fielding on Boundary Line in Cricket History Ever,"5,055,160","17,195","3,193",cRiCkEt cRaZe,139K,"Jun 9, 2016"
https://www.youtube.com/watch?v=ldnJrDOgwpo,15 Most Creative Penalty Goals in Football,"22,653,012",,,DNpro,519K,"Jul 30, 2017"
https://www.youtube.com/watch?v=Zh5xI4E4smc,Top 20 Impossible Goals,"3,353,510","28,178","1,590",SportsHD,1M,"Feb 2, 2018"
https://www.youtube.com/watch?v=OwvQnd2vvpI,15 Players Destroyed By Ronaldinho & Messi,"19,078,154","59,258","7,348",SportsHD,1M,"Nov 14, 2016"
https://www.youtube.com/watch?v=JtGca1Kk0Mc,"Comedy Football 2017/18: Epic Fails, Bizzare, Funny Skills, Bloopers","13,040,605","96,423","4,933",Wrzzer,2.4M,"Dec 3, 2017"
https://www.youtube.com/watch?v=GEfW3NAARQY,Cristiano Ronaldo vs Lionel Messi - Top 10 Skills - 2016/17 HD,"10,602,893","41,298","3,797",Mathews Football,633K,"Jan 10, 2017"
https://www.youtube.com/watch?v=Nvlne9DbUao,40 TRUCOS INESPERADOS QUE MEJORAR√ÅN TU D√çA,"6,075,208","32,187","5,482",IDEAS EN 5 MINUTOS,2.9M,"Nov 11, 2017"
https://www.youtube.com/watch?v=1zl2ZuHO03I,20 Stupid Goalkeeper Mistakes In Football - Goalkeeping Fails,"7,578,606","17,583","3,483",ShishiR,286K,"Apr 27, 2018"
https://www.youtube.com/watch?v=07Uj3ms1tMo,BUTS INATTENDUS en FOOTBALL,"1,622,627","20,225","1,906",TOP 10 EMOTION,162K,"Mar 26, 2017"
https://www.youtube.com/watch?v=RGfvnY8oZwY,The World's Smartest Players  ‚óè Smart and tricky ‚óè HD,"7,418,482","150,028","6,595",Victor Produ√ß√µes,543K,"Feb 13, 2017"
https://www.youtube.com/watch?v=Ie-m37z1qVg,7 Times Neymar Made The Whole World Admire Him,"8,518,611","121,437","5,982",SportsHD,1M,"May 5, 2018"
https://www.youtube.com/watch?v=LbEPzFkB99c,DRIBLES QUE VALE A PENA VER DE NOVO,"8,480,035","118,371","5,831",Levi Skills,,"Aug 21, 2017"
https://www.youtube.com/watch?v=_2Q6xhChFcg,15 Most Creative Penalty Goals In Football,"6,126,610","28,662","8,570",ShishiR,286K,"Jun 8, 2018"
https://www.youtube.com/watch?v=2sJKHj2YVHc,Cristiano Ronaldo ‚óè Top 10 Unimaginable Goals - Is He Human? |HD|,"13,868,559","59,559","3,988",AshStudio7,1.2M,"Sep 1, 2016"
https://www.youtube.com/watch?v=diVpN-ofRwQ,TOP 5 BEST Singer Emotional America's Got Talent 2017,"4,730,974","20,394","1,862",Len Ken,1.6M,"Jun 19, 2017"
https://www.youtube.com/watch?v=dT8NPfnguuQ,Top 5 Skills Invented by Neymar Jr,"3,845,439","26,386","3,554",Wrzzer,2.4M,"Jun 2, 2018"
https://www.youtube.com/watch?v=jiqZh4rz8M8,Los Mejores Goles de Tiro Libre Con Efecto ‚óè Amazing Curved Free Kick Goals,"4,494,896","13,254","1,177",Futbol y Curvas,354K,"Aug 19, 2016"
https://www.youtube.com/watch?v=X7v6jKsA2W4,14 Times RONALDINHO Used Magic in Football,"8,476,922","67,848","5,098",SportsHD,1M,"May 16, 2018"
https://www.youtube.com/watch?v=ry4GfmPxKBY,Thiago Messi vs Cristiano Ronaldo Jr - Who Has The Better Lifestyle?,"14,198,377","80,079","6,544",Top 10 Today,,"Jan 29, 2018"
https://www.youtube.com/watch?v=kYIf8I1dvdo,Brazil v Mexico - 2018 FIFA World Cup Russia‚Ñ¢ - Match 53,"15,752,991","99,432","8,733",FIFATV,6M,"Jul 2, 2018"
https://www.youtube.com/watch?v=C0dxwYdJIfo,Classy Oezil blast makes difference,"530,790","2,554",103,FIFATV,6M,"Aug 30, 2012"
https://www.youtube.com/watch?v=gHPke43iqNg,Spain v Russia - 2018 FIFA World Cup Russia‚Ñ¢ - Match 51,"11,203,274","68,285","6,323",FIFATV,6M,"Jul 1, 2018"
https://www.youtube.com/watch?v=hcM5n71XmBo,Argentina v Croatia - 2018 FIFA World Cup Russia‚Ñ¢ - Match 23,"15,882,826","116,632","9,831",FIFATV,6M,"Jun 21, 2018"
https://www.youtube.com/watch?v=RKuQ8zDo0Lw,Belgium v Tunisia - 2018 FIFA World Cup Russia‚Ñ¢ - Match 29,"6,683,217","33,524","1,848",FIFATV,6M,"Jun 23, 2018"
https://www.youtube.com/watch?v=u3wfrhjoIJg,Tunisia v England - 2018 FIFA World Cup Russia‚Ñ¢ - Match 14,"10,633,431","42,045","3,189",FIFATV,6M,"Jun 18, 2018"
https://www.youtube.com/watch?v=012FkPcI1uE,Sweden v Switzerland - 2018 FIFA World Cup Russia‚Ñ¢ - Match 55,"6,038,097","29,792","2,352",FIFATV,6M,"Jul 3, 2018"
https://www.youtube.com/watch?v=4e9a3KptfC0,Germany v Sweden - 2018 FIFA World Cup Russia‚Ñ¢ - Match 27,"15,166,369","103,578","6,090",FIFATV,6M,"Jun 23, 2018"
https://www.youtube.com/watch?v=EqPtz5qN7HM,Eagles - Hotel California (Lyrics),"185,207,939","511,176","33,546",Chili World,418K,"Oct 18, 2015"
https://www.youtube.com/watch?v=lEzuFPeSBcA,Saudi Arabia v Egypt - 2018 FIFA World Cup Russia‚Ñ¢ - Match 34,"4,995,697","24,303","1,831",FIFATV,6M,"Jun 25, 2018"
https://www.youtube.com/watch?v=tAGnKpE4NCI,Metallica - Nothing Else Matters [Official Music Video],"317,635,427","1,096,635","70,753",MetallicaTV,3.4M,"Oct 26, 2009"
https://www.youtube.com/watch?v=kijpcUv-b8M,Queen - Somebody To Love (Official Video),"112,609,863","467,624","13,942",Queen Official,4.7M,"Aug 7, 2013"
https://www.youtube.com/watch?v=HgzGwKwLmgM,Queen - Don't Stop Me Now (Official Video),"289,149,533","1,403,660","34,105",Queen Official,4.7M,"Aug 1, 2008"
https://www.youtube.com/watch?v=FTQbiNvZqaY,Toto - Africa (Video),"339,092,596","1,480,447","61,382",Toto Toto,396K,"May 22, 2013"
https://www.youtube.com/watch?v=vfWv7j4FIxQ,Guardians of The Galaxy Awesome Mix - Vol. 1 & Vol. 2 (Galaxy Soundtrack),"3,520,471","24,394","1,656",Hey Music,,"Nov 12, 2017"
https://www.youtube.com/watch?v=JkK8g6FMEXE,Aerosmith - I Don't Want to Miss a Thing (Video),"135,179,948","881,046","24,168",Aerosmith,1.6M,"Jun 29, 2014"
https://www.youtube.com/watch?v=I_izvAbhExY,Bee Gees - Stayin' Alive (1977),"262,783,332","1,253,969","36,128",beegees,817K,"Oct 26, 2009"
https://www.youtube.com/watch?v=z1fadkdxAX0,Michael jackson greatest hits da,"835,170","6,709",578,◊ì◊†◊ô◊ê◊ú ◊ê◊ó◊ì◊ï◊™,3.2K,"Oct 7, 2017"
https://www.youtube.com/watch?v=uKLMYZlbIb8,The Show Must Go On-Queen Lyrics (HD),"11,182,508","65,360","1,832",LyricsForYouMD,8.7K,"May 23, 2012"
https://www.youtube.com/watch?v=6Ejga4kJUts,The Cranberries - Zombie,"736,182,854","3,246,059","138,104",TheCranberriesTV,1.5M,"Jun 16, 2009"
https://www.youtube.com/watch?v=rY0WxgSXdEE,Queen - Another One Bites the Dust (Official Video),"195,951,734","864,949","23,085",Queen Official,4.7M,"Aug 1, 2008"
https://www.youtube.com/watch?v=lDK9QqIzhwk,Bon Jovi - Livin' On A Prayer,"454,650,944","1,612,068","64,043",Bon Jovi,3.3M,"Jun 16, 2009"
https://www.youtube.com/watch?v=9jK-NcRmVcw,Europe - The Final Countdown (Official Video),"481,615,719","1,909,346","80,294",europethebandtv,735K,"Oct 25, 2009"
https://www.youtube.com/watch?v=6Whgn_iE5uc,Santana - Smooth (Stereo) ft. Rob Thomas,"110,700,892","483,366","18,180",santanaofficial,703K,"Oct 4, 2013"
https://www.youtube.com/watch?v=YoDh_gHDvkk,Queen & David Bowie - Under Pressure (Classic Queen Mix),"62,223,285","303,597","9,702",QueenHouse85,65K,"Mar 19, 2013"
https://www.youtube.com/watch?v=JmcA9LIIXWw,Culture Club - Karma Chameleon,"351,651,737","942,149","54,904",CultureClubVEVO,161K,"Feb 28, 2009"
https://www.youtube.com/watch?v=PIb6AZdTr-A,Cyndi Lauper - Girls Just Want To Have Fun (Official Video),"579,964,123","2,026,189","101,693",cyndilauperTV,1M,"Oct 25, 2009"
https://www.youtube.com/watch?v=lZiNtbgm9oM,Creep - Radiohead,"39,986,976","197,908","6,375",websofrytos,19K,"Sep 29, 2009"
https://www.youtube.com/watch?v=85Tawd22_0g,Khabardar Aftab Iqbal - 11 November 2017 - Ishaq Dar Special - Express News,"430,909","3,111",275,Khabardar with Aftab Iqbal,576K,"Nov 11, 2017"
https://www.youtube.com/watch?v=fV5qgmfOHXY,Her Kisam Kay Jadu Ka Shartiya Toor - Amil Baba - Khabardar with Aftab Iqbal,"745,859","3,790",434,Khabardar with Aftab Iqbal,576K,"Oct 13, 2017"
https://www.youtube.com/watch?v=D0ay9qhuQQk,Raja Beta II Shampi di daddi II Very Funny scenes II Comedy II Jatt & Juliet 2,"3,617,555","11,386","2,162",Gyan Baba,15K,"Jun 17, 2017"
https://www.youtube.com/watch?v=l7oJ0BViMG4,Funny Bilawal Bhutto Dummy in Khabardar mocking Maryam Nawaz,"3,250,737","16,639",998,Khabardar with Aftab Iqbal,576K,"Nov 3, 2016"
https://www.youtube.com/watch?v=i0t38a5c1ew,Best Of Khabardar Aftab Iqbal 4 July 2018 - Donald Trump Oval Office - Express News,"13,936",186,19,Khabardar with Aftab Iqbal,576K,"Jul 4, 2018"
https://www.youtube.com/watch?v=yNaf4-s64rQ,Marasi Khandan Main Kalay Khan Ke Shadi Ka Manzar - Khabardar Aftab Iqbal,"971,005","4,463",628,Khabardar with Aftab Iqbal,576K,"Nov 9, 2017"
https://www.youtube.com/watch?v=s0QVZEO9eWg,Amanullah Khan Vs Aftab Iqbal Best Jugat Bazi - Khabardar Aftab Iqbal | Express News,"504,713","3,091",243,Talk Shows Central,1.6M,"Nov 25, 2017"
https://www.youtube.com/watch?v=ffrKC82zWAQ,Khawasara Fauji Nahi Bun Sakaty - Nasir chinyoti As Donald Trump - Khabardar with Aftab Iqbal,"35,855",326,22,Khabardar with Aftab Iqbal,576K,"Jun 22, 2018"
https://www.youtube.com/watch?v=MoZYtjRST_k,Shiekh Rasheed Vs Hanif Abbasi | NA 60 | Kal Tak with Javed Chaudhry | 28 June 2018 | Express News,"80,675",520,141,Express News,794K,"Jun 28, 2018"
https://www.youtube.com/watch?v=kmtjtbNgDCc,Nasir Chinyoti as Gabbar with Hollywood style - Khabardar Aftab Iqbal - Express News,"629,541","4,372",321,Khabardar with Aftab Iqbal,576K,"Dec 2, 2017"
https://www.youtube.com/watch?v=5pKxuDQaxo4,Main Nai Jana Arbiyan Day Naal - Nawaz Sharif - Khabardar with Aftab Iqbal,"257,923","1,974",137,Khabardar with Aftab Iqbal,576K,"Jan 2, 2018"
https://www.youtube.com/watch?v=7LFpxC2jxTY,"Best Of Agha Majid, Mastana and Iftikhar Thakur New Pakistani Stage Drama Full Comedy Funny Clip","5,099,256","15,724","2,145",Mooncdcorner,180K,"Mar 3, 2017"
https://www.youtube.com/watch?v=rXJb1P5Fx7g,Nasir Chinyoti Ki Choroon Ko Warning - Honey Albela | Khabardar with Aftab Iqbal,"52,415",460,37,Khabardar with Aftab Iqbal,576K,"Jan 16, 2018"
https://www.youtube.com/watch?v=tpB-dMoRmKw,Aftab Iqbal Ki Reham Khan Say Khasoosi Guftago - Interview Of Reham Khan -Khabardar with Aftab Iqbal,"25,085",128,65,Express News,794K,"Jun 5, 2018"
https://www.youtube.com/watch?v=-VOemnri6z8,Chaudhary Chinyoti Kay Special Murgh Chanay In Khabardar - Khabardar Aftab Iqbal,"530,403","2,912",301,Khabardar with Aftab Iqbal,576K,"Dec 9, 2017"
https://www.youtube.com/watch?v=rOf1th_psbU,Khabar Naak Ali Meer as Aftab Iqbal,"409,216","2,110",174,Mister Radio,29K,"Jun 6, 2012"
https://www.youtube.com/watch?v=vVB7pib981I,Khabardar Ka Landa Bazaar - Khabardar with Aftab Iqbal,"237,218","1,395",119,Khabardar with Aftab Iqbal,576K,"Nov 4, 2017"
https://www.youtube.com/watch?v=ewRFP20ZONY,Hospital Ka Aik Behtareen Munzar - Nasir Chinyoti Agha Majid - Khabardar with Aftab Iqbal,"92,809",618,56,Khabardar with Aftab Iqbal,576K,"Mar 7, 2018"
https://www.youtube.com/watch?v=pNgtI_X7mkE,Amjad Khan VS Nasir Chinyoti | Film Sholay Say Khabardar,"1,708,505","6,639",772,Khabardar with Aftab Iqbal,576K,"Jul 10, 2017"
https://www.youtube.com/watch?v=f_2TDamYc1M,Kabhi Na Bholnay Walay Lamhaat - Honey Albela Agha Majid Special - Mazaaq Raat - Dunya News,"439,651","3,014",276,Mazaaq Raat Official,820K,"Feb 22, 2018"
https://www.youtube.com/watch?v=MWfslx4_PJA,Top 10 Goalscorers in Football 2017/2018,"5,362,949","31,803","3,201",JavierNathaniel,1.4M,"Apr 30, 2018"
https://www.youtube.com/watch?v=Rh06jOsCZYc,20 Goalkeeper Saves that Shocked the World,"2,133,140","11,705","1,162",DaneDoSantos,184K,"Jun 9, 2018"
https://www.youtube.com/watch?v=5CrNWywTZpA,"Football Circus ft. Neymar, C.Ronaldo, Ronaldinho, etc","831,993","7,061",474,Wrzzer,2.4M,"Jun 23, 2018"
https://www.youtube.com/watch?v=3gIq6zGbNt0,20 Famous Free Kicks ‚óè Impossible To Forget,"14,950,835","49,436","4,796",Wrzzer,2.4M,"Jul 3, 2017"
https://www.youtube.com/watch?v=7WUF2J-2d9Q,Best Dunks of the 2017/2018 NBA Season - 106 Dunks! (Part 1),"1,088,486","4,137",249,NBA Max,17K,"Feb 17, 2018"
https://www.youtube.com/watch?v=KqDpCmtMhEE,Los Momentos m√°s Hermosos del F√∫tbol 2018 ‚óè Football Respect,"14,082,752","118,714","5,079",Joga Sport,797K,"Dec 26, 2017"
https://www.youtube.com/watch?v=X0W30MqPnDo,Brazil vs Spain ‚Ä¢ Confederations Cup Final 2013 | GMTV,"1,389,156","11,784",527,GMTV,,"May 4, 2017"
https://www.youtube.com/watch?v=NNqN7aKs4y4,TOP 35 Goalkeeper Saves Of 2017,"1,072,789","11,469",489,SportsHD,1M,"Dec 28, 2017"
https://www.youtube.com/watch?v=bKOTKHtbM54,50 Famous Goals ‚óè Impossible To Forget,"8,463,325","40,828","4,688",Wrzzer,2.4M,"Jun 21, 2017"
https://www.youtube.com/watch?v=Vc7hEkl2xY8,The Most Crazy Football Player,"2,977,363","35,206","2,437",SportsHD,1M,"Apr 9, 2018"
https://www.youtube.com/watch?v=TMlguTj0bkY,TOP 20 GOALS ‚óè WORLD CUPS,"420,190",923,220,LifeOnThePitch,2.2K,"Mar 3, 2016"
https://www.youtube.com/watch?v=52IIohR7PAs,35 Most Humiliating Goals In Football,"8,983,296","52,166","5,048",SportsHD,1M,"Jan 12, 2018"
https://www.youtube.com/watch?v=y5cGYgtbsXY,Espa√±a Holanda final del mundial 2010  resumen audio de cuatro.avi,"5,050,402","27,529","1,406",Jos√© Luis Mu√±oz,7.7K,"Jul 12, 2010"
https://www.youtube.com/watch?v=zoGo2uujvtI,Most Amazing Solo Goals In Football,"3,137,819","18,139","1,020",WeSpeakFootball,1M,"Jun 28, 2017"
https://www.youtube.com/watch?v=LtgHf51-i4U,Australia vs Kenya 2003 World Cup Highlights,"2,161,417","6,170","1,547",Trevor Byers Cricket,232K,"Jun 25, 2011"
https://www.youtube.com/watch?v=yhfnWjp7OL8,"Yuvraj Singh 12 balls fifty, world record!!!!   ravindar nagar","4,366,877","19,548","2,479",PAPPI GURJAR,17K,"Apr 2, 2016"
https://www.youtube.com/watch?v=ELtyFdsheAc,Shahid 'BOOM BOOM' Afridi 29 OFF 10 Balls vs Australia 2009/10 HD,"1,933,701","4,446",986,Trevor Byers Cricket,232K,"Oct 12, 2011"
https://www.youtube.com/watch?v=-jxn9oXUN0E,England's Thrilling Win Seals Series Against South Africa ‚Äì England v South Africa 2nd ODI 2017,"1,503,116","6,101",742,England &amp; Wales Cricket Board,689K,"May 28, 2017"
https://www.youtube.com/watch?v=M4MneKk1_O4,Todoroki vs Bakugou Full Fight - Boku No Hero Academia Season 2,"91,198",418,26,Fan Anime HD,4K,"Nov 22, 2017"
https://www.youtube.com/watch?v=42RXS3b38_A,Pakistan vs Australia | 2nd T20 | Tri Series | Full Match Highlighs,"295,090","1,180",185,Ptv Sports Official,1.2M,"Jul 3, 2018"
https://www.youtube.com/watch?v=h27MAnMfzes,Midoriya Vs Muscular - Boku No Hero Academia Season 3 Episode 4,"3,243,281","27,079","3,503",Hammer Kick,11K,"Apr 28, 2018"
https://www.youtube.com/watch?v=Ls4lTh8wdKE,THE THINGS YOU CAN SEE ONLY IN ONE FOR ALL üòúüòúüòú,"1,516,675","11,151","1,193",SoloTop - LOL,116K,"Apr 10, 2018"
https://www.youtube.com/watch?v=dvH5czCokG8,AUSTRALIA vs. WORLD XI 2005 - 2nd ODI FULL HIGHLIGHTS,"4,429,494","10,530","1,940",Trevor Byers Cricket,232K,"Sep 11, 2015"
https://www.youtube.com/watch?v=PCP6AjmwS-A,Midoriya & todoroki vs hero killer stain!(buko no hero academy,"100,796",524,42,Do7a_25,484,"Jul 23, 2017"
https://www.youtube.com/watch?v=f4Ljoakm8CE,Chunin Exam Final Round | Boruto New Chidori Jutsu | Boruto Gets Disqualified,"861,694","3,482",334,AnimeRulzzz2k18,,"Jun 7, 2018"
https://www.youtube.com/watch?v=ZGUfdMukaZc,World Record 438 Match-South Africa vs Australia- part 2,"10,351,861","30,880","4,192",suhass997 Cricket,172K,"Jul 24, 2014"
https://www.youtube.com/watch?v=XOWsUvls54w,Top 5 Midoriya Moments [60FPS],"5,883,908","54,146","1,765",ViniiTube,328K,"Apr 6, 2018"
https://www.youtube.com/watch?v=vmGlQSACCIA,Naruto Shippuden Naruto Vs Pain English Subbed Full Fight 1080p (Full HD),"4,144,019","15,339","2,035",Lord Seventh,7K,"Jan 23, 2018"
https://www.youtube.com/watch?v=rLf3X93n3a0,"Villains attack, Aizawa Midoriya are about to die,All Might comes to rescue - Boku no Hero Academia","1,852,148","8,598",416,DaHikun,18K,"May 4, 2018"
https://www.youtube.com/watch?v=0S1oQYyq_zk,[Ïï†Îãà]ÎØ∏ÎèÑÎ¶¨Ïïº Ïù¥Ï¶àÏø† ÏõêÌè¨Ïò¨ Ïû•Î©¥ Î™®Ïùå,"829,181","2,414",121,Î≤§ÏÜåÎìú : Venxord,1.1K,"Nov 10, 2017"
https://www.youtube.com/watch?v=lPpM8fPvzX8,MOB VS KOYAMA | MOB PHYSCHO 100,"2,075,872","16,565",745,Wally West,6K,"Jul 20, 2017"
https://www.youtube.com/watch?v=-KM4d7EMq48,Midoriya And Pussycat Vs Vanguard Action Squad - Boku No Hero Academia Season 3 Episode 5,"1,882,772","6,733",635,Hammer Kick,11K,"May 5, 2018"
https://www.youtube.com/watch?v=QhTgfXzqmLU,Fate/Apocrypha - Sieg vs Karna,"258,958","2,147",53,etwalosso,111,"Dec 9, 2017"
https://www.youtube.com/watch?v=qwDX4zPotBM,One Punch Man: Saitama VS Deep Sea King (English Dub),"2,426,382","10,617",769,Anime Spot,4.1K,"Apr 23, 2017"
https://www.youtube.com/watch?v=E3Uusj3FNR0,Boku No Hero Academia - The U.A Sport Festival,"1,441,576","5,046",267,Fan Anime HD,4K,"Nov 21, 2017"
https://www.youtube.com/watch?v=hLZmsRuCBgE,ÂÉï„ÅÆ„Éí„Éº„É≠„Éº„Ç¢„Ç´„Éá„Éü„Ç¢ #5 HD Boku no Hero Academia 2nd MIDORIYA vs TODOROKI,"321,045","1,119",81,Hakyuu 10,,"Jun 6, 2018"
https://www.youtube.com/watch?v=3NcycbDslQw,"Midoriya, Todoroki and Iida vs Hero Killer Stain Full Fight - Boku No Hero Academia Season 2","124,482",587,95,Fan Anime HD,4K,"Nov 25, 2017"
https://www.youtube.com/watch?v=_lUPHL9h9DM,"All Might faces Villains and near death, Midoriya Todoroki Bakugou save him - Boku no Hero Academia","2,750,097","14,196","1,346",DaHikun,18K,"May 9, 2018"
https://www.youtube.com/watch?v=CtXvhTJu7oQ,Top 5 All Might Moments [60FPS],"1,444,723","13,997",419,ViniiTube,328K,"Nov 11, 2017"
https://www.youtube.com/watch?v=zdBNqTBtYFc,Team Asuma and Kakashi vs Hidan and Kakuzu | Full Fight English Subbed,"4,282,386","12,080","2,512",Best Anime,,"Jan 16, 2018"
https://www.youtube.com/watch?v=6i2sn6tuxco,KAWAII DEKU X URARAKA MOMENTS | Boku no Hero Academia Season 1-3 (& OVA),"512,893","9,137",254,KHORnime 2.0,80K,"May 30, 2018"
https://www.youtube.com/watch?v=_v2ptbXmBOg,ANGRY TEEN AUDITIONS...Don't Mess With These Kids!,"25,882,702","196,983","17,263",X Factor Global,1.2M,"Jan 17, 2018"
https://www.youtube.com/watch?v=rvOIgrVZAms,Simon Cowell Best Insults PART 2 | SAVAGE,"794,181","6,792",258,Turbo Entertainment,151K,"Dec 5, 2016"
https://www.youtube.com/watch?v=RQQb5xFzdpY,TRY NOT LAUGH - TOP 5 Funiest Britain's Got Talent 2017,"6,402,060","41,612","1,784",Len Ken,1.6M,"May 18, 2017"
https://www.youtube.com/watch?v=fep0_CSSZf4,TOP 5 Special Emotional Performance America's Got Talent 2017,"18,354,887","80,363","7,259",Len Ken,1.6M,"Jun 10, 2017"
https://www.youtube.com/watch?v=vE2M0QqjecE,When Judges Get The Giggles | X Factor UK,"14,511,632","138,797","5,471",X Factor Global,1.2M,"Nov 10, 2016"
https://www.youtube.com/watch?v=Gm7gdSbeWQE,Simon Cowell on His Son's Name,"2,306,926","21,732",305,TheEllenShow,26M,"Nov 21, 2013"
https://www.youtube.com/watch?v=mr4zmeNDV04,Britain's Got Talent 2017 - Top 10 Weird  Acts,"7,993,686","37,034","3,371",E!. Box,50K,"May 26, 2017"
https://www.youtube.com/watch?v=5rg_j9ceEeQ,The X Factor Season 4 Favourite Bad Auditions,"1,853,437","14,881",835,FIFA Goals,4.1K,"Apr 8, 2015"
https://www.youtube.com/watch?v=QbJqkPG-B3M,X Factor Judges Get ANGRY! (MUST WATCH),"1,823,934","11,180","1,269",Trending Virality,18K,"Jun 10, 2018"
https://www.youtube.com/watch?v=NuHzXrqj9VY,"Like Mother, Like Daughter sing Plan B She Said - Britain's Got Talent 2012 - International version","10,926,293","65,657","7,400",Britain's Got Talent,10M,"May 5, 2012"
https://www.youtube.com/watch?v=oYKRYrW76cE,"UNBELIEVABLE Auditions That SHOCKED & SURPRISED THE WORLD | X FACTOR, GOT TALENT IDOLS","5,355,781","23,984","1,914",Top Talent,803K,"Aug 10, 2017"
https://www.youtube.com/watch?v=X7BhauUXKYg,15 Things You Didn‚Äôt Know About Simon Cowell,"72,084",833,52,Alux.com,1.3M,"Feb 26, 2018"
https://www.youtube.com/watch?v=oieBKdueoGk,Best of Simon Cowell Against Mental People,"9,277,964","85,268","5,165",Matthew De Franco,9.9K,"Sep 17, 2016"
https://www.youtube.com/watch?v=bstbX88FRtw,Simon Cowell's Best GOLDEN BUZZER Moments | Got Talent Global,"31,826,376","319,164","10,620",Got Talent Global,4.2M,"Jul 19, 2017"
https://www.youtube.com/watch?v=k2g6R0a4IpY,When X Factor Judges Get ANGRY! | X Factor Global,"13,679,406","133,024","5,959",X Factor Global,1.2M,"Dec 15, 2017"
https://www.youtube.com/watch?v=gHtTQNOHTec,TOP 5 Look Like Justin Bieber Shocked Worldwide,"32,151,839","343,390","17,559",Len Ken,1.6M,"Mar 15, 2017"
https://www.youtube.com/watch?v=8NonPPdQ7Yw,Top 10 Most UNFORGETTABLE Singing Auditions ALL TIME,"59,684,567","282,490","25,983",Len Ken,1.6M,"Feb 8, 2017"
https://www.youtube.com/watch?v=xYYPV7MuvfM,TOP 5 COMEDIANS on Britain's Got Talent Funniest,"8,552,460","60,621","3,328",Len Ken,1.6M,"Feb 6, 2017"
https://www.youtube.com/watch?v=TjVi90XOyHk,Top 10 Worst & Cringiest American Idol Auditions,"368,011","2,351",183,Top Ten Daily,45K,"Oct 21, 2017"
https://www.youtube.com/watch?v=80-eKzpwvbc,Kapil & Sumona's Scary Act - Jodi Kamaal Ki,"578,686","2,366",238,SET India,26M,"May 9, 2018"
https://www.youtube.com/watch?v=ZooF83MS69w,Dr Surendra Dubey ‡§ï‡§æ ‡§ú‡§¨‡§∞‡§¶‡§∏‡•ç‡§§ ‡§π‡§æ‡§∏‡•ç‡§Ø ‡§ï‡§µ‡§ø ‡§∏‡§Æ‡•ç‡§Æ‡•á‡§≤‡§® ‡•§ funny kavi sammelan ‡•§ ‡§π‡§∏‡§®‡§æ ‡§Æ‡§®‡§æ ‡§π‡•à,"7,835,608","28,710","5,902",PYARA BHARAT,,"Jun 19, 2017"
https://www.youtube.com/watch?v=WGvBAhvVaHA,Simon Cowell's Funny Fan Auditions On American Idol | Idols Global,"665,855","6,481",239,Idols Global,240K,"Feb 8, 2017"
https://www.youtube.com/watch?v=Y0zJhYyKdt8,Funny Celebrity moments with Dr.Mashoor Gulati | The Kapil Sharma Show |  Best Indian Comedy |  HD,"12,936,793","46,591","4,436",SET India,26M,"Nov 29, 2016"
https://www.youtube.com/watch?v=Iyi665iUUug,Best Mind-Readers in America's got Talent and Britain's Got Talent,"4,627,258","32,624","1,676",Top Lists,29K,"May 31, 2017"
https://www.youtube.com/watch?v=KHpZUqMFs_k,Khajur ke papa aagaye- The Kapil Sharma Show - Episode 8 - 15th May 2016,"9,782,409","26,611","2,851",SET India,26M,"May 15, 2016"
https://www.youtube.com/watch?v=e3_BaawzCsw,Raghav Flirts With Ileana - Behind The Scenes - DID Lil Masters 3,"10,887,804","32,173","3,434",Dance India Dance,2.2M,"Apr 16, 2014"
https://www.youtube.com/watch?v=2zDUnGVHB1Q,Best First Over Bowled In History Of Test Cricket - ft Irfan Pathan |,"5,663,401","44,217","2,288",WeSpeakCricket,250K,"Aug 10, 2016"
https://www.youtube.com/watch?v=dyiJMyswmnA,Salman Khan Rocking Stage With His Comedy Hilarious,"12,531,049","33,668","4,517",Filmfare Official,,"Aug 14, 2017"
https://www.youtube.com/watch?v=G1Y1VULzR3E,‡§¨‡§ø‡§∞‡§Ø‡§æ‡§®‡•Ä ‡§¨‡§®‡§æ‡§®‡•á ‡§ï‡§æ ‡§Ø‡•á ‡§§‡§∞‡•Ä‡§ï‡§æ ‡§¶‡•á‡§ñ ‡§ï‡•á ‡§Ü‡§™ ‡§ï‡§π‡•á‡§Ç‡§ó‡•á ‡§™‡§π‡§≤‡•á ‡§ï‡•ç‡§Ø‡•ã‡§Ç ‡§®‡§π‡•Ä‡§Ç ‡§™‡§§‡§æ ‡§•‡§æ| Simple Dum Chicken Biryani Recipe,"5,213,028","42,422","4,624",bharatzkitchen HINDI,1.4M,"Jan 26, 2018"
https://www.youtube.com/watch?v=LsYRZqdRYQk,"Udbhav gives Kapil a taste of his own medicine, literally - The Kapil Sharma Show - 1st Apr, 2017","3,775,860","24,008","2,260",SET India,26M,"Apr 1, 2017"
https://www.youtube.com/watch?v=1o1RfH3rN80,Gopal Bhar (Bangla) - ‡¶ó‡ßã‡¶™‡¶æ‡¶≤ ‡¶≠‡¶æ‡¶∞ (Bengali) - Ep 281 - Shree Mukher Hasi,"1,767,840","4,822","1,209",Sony AATH,1.3M,"Jul 24, 2016"
https://www.youtube.com/watch?v=XxvByAN3z30,Anushka Goes Gaga Over Audience's Response | Celebrity Birthday Special | Anushka Sharma,"1,817,243","9,388",970,SET India,26M,"Apr 30, 2018"
https://www.youtube.com/watch?v=6fcnStZ8K18,Dr. Mushoor Gulati meets Aditya and Shraddha - The Kapil Sharma Show ‚Äì 7th Jan 2017,"17,561,432","69,543","4,366",SET India,26M,"Jan 7, 2017"
https://www.youtube.com/watch?v=gHvoksTE7go,Dr. Mushoor Gulati Has Left - The Kapil Sharma Show ‚Äì 25th Dec 2016,"3,052,922","12,018","1,246",SET India,26M,"Dec 25, 2016"
https://www.youtube.com/watch?v=OoI57NeMwCc,At the Hospital | Funny Clip | Mr. Bean Official,"81,813,425","211,751","32,572",Mr. Bean,8M,"Aug 25, 2009"
https://www.youtube.com/watch?v=tqFi4MfmQvg,DID L'il Masters - Mumbai Auditions - Yashvi Rawal hawa hawai performance,"2,095,493","6,787",821,Dance India Dance,2.2M,"Mar 2, 2014"
https://www.youtube.com/watch?v=-ojTuJ9o6_g,sonu kumar,"455,996","2,166",144,Sonu Kumar,1K,"Oct 3, 2013"
https://www.youtube.com/watch?v=tgd2xGH333Q,Real Life Family Of The Kapil Sharma Show Actors - The real life families of 'The Kapil Sharma Show',"10,371,315","22,727","6,362",Top 10 List,480K,"Jun 10, 2017"
https://www.youtube.com/watch?v=6kohALTIaJc,M AMIR vs M STARC | THE SWINGING-BULLETS | DEADLY YORKERS | HD,"122,025","1,064",72,Sports Jin,1K,"Jun 22, 2017"
https://www.youtube.com/watch?v=jePmTNHRgdU,Dale Steyn VS Darren Sammy Full Error Over in T20 Match West indies vs South Africa T20,"322,513",988,144,Cricket Highlights,,"Feb 1, 2018"
https://www.youtube.com/watch?v=271QmFisprY,SAEED ANWAR BATTING STYLE,"2,173,406","5,687",601,TAHIR ANSARI,4.7K,"Apr 13, 2013"
https://www.youtube.com/watch?v=vpR-6tcHdJM,Top 10 Best Yorkers In Cricket Ever 2018 | Destructive Yorkers | AG Flex HD,"3,733,965","28,859","2,484",AG Flex HD,143K,"Dec 16, 2017"
https://www.youtube.com/watch?v=BobDjZcxim8,"Shahid Afridi get's Laxman,Ganguly & Tendulkar in a fantastic spell of Bowling vs India 2005","1,178,217","4,433",319,Trevor Byers Cricket,232K,"Feb 15, 2011"
https://www.youtube.com/watch?v=iSc5ZkFlrtI,⁄©ÿßŸÖÿ±ÿßŸÜ ÿß⁄©ŸÖŸÑ ⁄©€å ŸÇ€åÿµÿ± Ÿæ€åÿß ⁄©Ÿà ÿß€åÿ≥€å ÿ¨⁄Øÿ™ ⁄©€Å Ÿà€Å ÿÆŸàÿØ ÿ®⁄æ€å €ÅŸÜÿ≥€å Ÿæÿ± ŸÇÿßÿ®Ÿà ŸÜ€Å Ÿæÿß ÿ≥⁄©€í€î€î€î,"2,211,823","10,547","1,407",Mazaaq Raat Official,820K,"May 27, 2017"
https://www.youtube.com/watch?v=k_xCTt0MTMw,Pakistan defeat England by nine wickets in Manchester iT20,"1,458,337","5,523",652,England &amp; Wales Cricket Board,689K,"Sep 7, 2016"
https://www.youtube.com/watch?v=0LLeNwKSZpQ,Sharjeel Khan & Shane Watson Partnership | Psl 2016 | Sharjeel Khan sixes vs Qalandars | S Watson,"320,378","1,502",123,Great Things,1.8K,"Dec 11, 2017"
https://www.youtube.com/watch?v=c0WWT67Vb2U,ICC #WT20 Pakistan vs Bangladesh  Match Highlights,"7,568,772","14,605","2,722",ICC,968K,"Mar 16, 2016"
https://www.youtube.com/watch?v=S7NKxadiZxo,INCREDIBLE UNEXPECTED SINGERS on Got Talent | Top Talent,"297,748","2,917",167,Top Talent,803K,"May 22, 2018"
https://www.youtube.com/watch?v=iDAX9lYP8hI,SUPER ANGRY PARENTS Turn On The Judges! | X Factor Global,"5,342,303","55,803","2,673",X Factor Global,1.2M,"Dec 1, 2017"
https://www.youtube.com/watch?v=dmV4IzJZEVs,Anti bullying short film: The Bus stop (2017),"6,709,421","129,169","5,956",Magalie De Genova,28K,"Apr 1, 2017"
https://www.youtube.com/watch?v=xxjT7nK0Q9k,Top 10 funny performances Got Talent,"11,846,478","49,835","4,465",ShowMe,669K,"Feb 10, 2016"
https://www.youtube.com/watch?v=-XNlTPwppAI,TOP 3 AUDITIONS Risking Simon's Life on Got Talent | Got Talent Global,"3,049,532","33,874","1,022",Got Talent Global,4.2M,"Dec 5, 2017"
https://www.youtube.com/watch?v=mFekhU0LjSs,10 Gold Diggers Who Got What They Deserved!,"1,584,701","12,080","1,190",ComedyWolf,109K,"May 17, 2018"
https://www.youtube.com/watch?v=5FK1oY7D3Q4,Singers Most Embarrassing Moments (2018) CRINGE,"16,928,552","131,448","8,874",Mr. Grande,154K,"May 1, 2018"
https://www.youtube.com/watch?v=z91oThv9H8Y,TOP 10 The Best Talent In The World !!! (Look and BE SHOCKED),"16,161,475","50,463","6,357",Len Ken,1.6M,"Apr 5, 2017"
https://www.youtube.com/watch?v=W64c3L8N0aw,Judges BUZZ TOO EARLY On Britain's Got Talent! | Top Talent,"11,309,521","108,092","6,870",Top Talent,803K,"Jun 20, 2018"
https://www.youtube.com/watch?v=WkSJXL3kLtM,Bupsi Brown gets Cowell‚Äôd | Auditions Week 2 |  The X Factor UK 2015,"6,536,671","40,171","2,482",The X Factor UK,6.5M,"Sep 5, 2015"
https://www.youtube.com/watch?v=QkgNTdFVvKc,"Rudest Auditions...EVER? | X Factor, Got Talent & Idols | Top Talents","4,325,951","35,334","2,600",Top Talent,803K,"Jul 13, 2017"
https://www.youtube.com/watch?v=Qd0AdsOGEvo,"America's Got Talent 2018 Week 5 All Auditions Including Rob Lake, Joseph O'Brien! Got Talent Global","765,980","6,092",356,Got Talent Global,4.2M,"Jun 29, 2018"
https://www.youtube.com/watch?v=4Piy5dA-gsI,TOP 5 Voice EMOTIONAL Auditions  - MAKE YOU CRY,"23,629,729","112,732","8,679",Len Ken,1.6M,"Apr 2, 2017"
https://www.youtube.com/watch?v=DHwpwD-ae7I,Rudest Auditions EVER on X Factor Global!,"9,498,316","76,928","4,189",X Factor Global,1.2M,"Aug 11, 2017"
https://www.youtube.com/watch?v=jxV3rSZQPoA,JUDGES TO THE RESCUE! Simon Cowell & Co Step In To SAVE AUDITIONS On GOT TALENT & X FACTOR,"9,182,572","105,965","3,124",Top Talent,803K,"Nov 27, 2017"
https://www.youtube.com/watch?v=Gdvr7GUiynk,THAT MOMENT WHEN THEY GET BUSTED,"342,589","6,371",295,Salty Facts,,"Jun 30, 2018"
https://www.youtube.com/watch?v=1mq7F2FKy3E,BRILLIANTLY BIZARRE Auditions on X Factor UK! | X Factor Global,"196,479","2,710",132,X Factor Global,1.2M,"Jun 20, 2018"
https://www.youtube.com/watch?v=k2E1A4xw3fY,"""BE SHOCK""  TOP Worst Audition X Factor Ever","1,789,395","10,507","1,082",Len Ken,1.6M,"Nov 10, 2016"
https://www.youtube.com/watch?v=8J8Q7e27SAY,American Idol - Double Shock,"6,693,144","17,040","2,091",channelthefamily,1.3K,"Sep 12, 2007"
https://www.youtube.com/watch?v=xkd56levMHA,Britain's Got Talent Auditions That Went Horribly Wrong | Got Talent Global,"690,082","8,383",935,Got Talent Global,4.2M,"May 24, 2018"
https://www.youtube.com/watch?v=moUsIo_Rajw,5 UNFORGETTABLE BEST & WORST Audition Moments On American Idol | Idols Global,"545,235","6,118",185,Idols Global,240K,"Feb 12, 2018"
https://www.youtube.com/watch?v=P43ovkbCkxE,America‚Äôs Got Talent 2015 - The Best of The Professional Regurgitator,"2,597,026","17,935",802,AmazingSingles,269K,"Sep 23, 2015"
https://www.youtube.com/watch?v=IVT0777RFMI,Family Feud Fails Compilation | Family Feud Funny Moments,"5,920,391","34,326","1,813",T-Bell,4.6K,"Aug 2, 2016"
https://www.youtube.com/watch?v=xrTWmDfqFSU,Nick Zitzmann - the real audition,"446,055","1,288",459,realaudition,346,"Jan 30, 2010"
https://www.youtube.com/watch?v=8YqGTUusjQE,All the Performances of Piff the magic dragon on American's Got Talent 2015,"7,927,610","73,338","2,780",Matthias Brancaleone,8.5K,"Dec 6, 2017"
https://www.youtube.com/watch?v=7_Ybl0Qvves,American Idol - Ten Worst Singers Ever,"3,311,840","15,932","1,435",saboutlearn2sing,9.2K,"Jul 8, 2011"
https://www.youtube.com/watch?v=KkKaTeWI3KM,The X Factor 2008 Auditions - Ant and Seb (Ant and Deaf),"2,239,891","8,609",326,Adam2502,895,"Aug 17, 2008"
https://www.youtube.com/watch?v=lGwXtmcIsYQ,BRITNEY Fan Won't Leave After Audition Goes Wrong! | X Factor Global,"1,099,901","13,287",740,X Factor Global,1.2M,"Jun 12, 2018"
https://www.youtube.com/watch?v=c6Fh-ulUm4k,"American Idol - Jacquiline Roman"" - ""Route 66""","19,871",113,2,FJNDCC,2.1K,"Jun 20, 2010"
https://www.youtube.com/watch?v=7fVSoAJxrRI,Top 7 FUNNIEST Auditions on America's Got Talent EVER,"5,749,237","64,283","2,151",ShowMe,669K,"Mar 7, 2018"
https://www.youtube.com/watch?v=h6e1E8vAAvU,Ian Bernardo - So you think you can Dance,"743,698","4,308",309,ZeroSeek0,222,"May 19, 2009"
https://www.youtube.com/watch?v=DUJ9Rlbnz_Q,The WEIRDEST American Idol Audition,"3,512,632","11,854",826,GeoSlivers,565,"Jun 30, 2009"
https://www.youtube.com/watch?v=Jyg_Z9QuFwE,American Idol  Season 9 Andrew Fenlon - House of the Rising Sun,"343,576","3,771",103,danny phillips,269,"Jan 14, 2010"
https://www.youtube.com/watch?v=9PoWjm5VXcA,Worst audition ever!,"14,836,616","67,057","24,303",Highrule1032,6.5K,"Aug 21, 2010"
https://www.youtube.com/watch?v=0_e-TUhRbrI,Britain's Got More Talent 2009 - Eugene,"18,959,102","83,067","2,953",ibwonders,5.1K,"May 16, 2009"
https://www.youtube.com/watch?v=xsGlv3ei6Wg,Simon Cowell funniest moments on Britain's Got Talent,"376,918","3,839",79,Maysvids,5.2K,"Apr 20, 2018"
https://www.youtube.com/watch?v=6L-u0IRN-L0,worst auditions ever  keith beukelaer,"81,421",223,16,tintintalent,95,"Apr 27, 2009"
https://www.youtube.com/watch?v=EKrEtyJ8MdU,Howard Stern Makes 7-year-old Rapper Cry on America's Got Talent | @kollegekidd,"89,316,413","372,241","44,936",Kollege Kidd,318K,"May 24, 2012"
https://www.youtube.com/watch?v=CTaEiVNnOOM,Simon's brat: Demi Lovato,"943,590","10,230",216,Lou Abreu,25K,"Jul 9, 2016"
https://www.youtube.com/watch?v=29FnEFMJ1Gc,Simon Cowell & David Walliams On The Jonathan Ross Show 24.3.2012,"3,328,539","18,311",455,ReplayTvHD,25K,"Mar 25, 2012"
https://www.youtube.com/watch?v=ENKHjLJgraQ,Simon Cowell Most Savage Moments - Insults Edition #SimonChallenge,"2,413,034","21,580","1,148",YaBoiDJ,48K,"Aug 31, 2016"
https://www.youtube.com/watch?v=aZrBklVLQYQ,JUDGE STORMS OFF STAGE After Argument With Simon Cowell!,"2,439,349","19,154","1,896",X Factor Global,1.2M,"Jan 19, 2018"
https://www.youtube.com/watch?v=lUedtfxLj4Y,Funniest Auditions on X Factor UK | Vol.2,"9,529,376","52,791","3,925",X Factor Global,1.2M,"May 4, 2017"
https://www.youtube.com/watch?v=sWFe7IiNWEo,Demi Lovato & Simon Cowell | Funny Moments [part 1/5],"9,016,445","63,216","1,094",LucyHaleQuotes,19K,"Jan 2, 2013"
https://www.youtube.com/watch?v=gWZ3j8MfkJE,Cheryl Clashes With Contestant | X Factor Global,"6,863,668","58,262","3,876",X Factor Global,1.2M,"Jul 10, 2017"
https://www.youtube.com/watch?v=Pu8JO56fwt8,Darci Lynne: Her Naughty Old-lady Puppet 'Edna' Makes Simon Cowell BLUSH!! America's Got Talent 2017,"19,372,138","104,198","3,801",Talent Recap,1.5M,"Sep 5, 2017"
https://www.youtube.com/watch?v=pph9NzQL4sU,Simon Cowell is in a Really BAD MOOD Buzzing Off Great Acts | America's Got Talent 2017,"2,776,439","23,287",954,Talent Recap,1.5M,"Aug 8, 2017"
https://www.youtube.com/watch?v=ZulwKDO-6B4,Saad Lamjarred - GHALTANA (EXCLUSIVE Music Video) | (ÿ≥ÿπÿØ ŸÑŸÖÿ¨ÿ±ÿØ - ÿ∫ŸÑÿ∑ÿßŸÜÿ© (ŸÅŸäÿØŸäŸà ŸÉŸÑŸäÿ® ÿ≠ÿµÿ±Ÿä,"196,883,361","1,179,139","120,505",Saad Lamjarred | ÿ≥ÿπÿØ ŸÑŸÖÿ¨ÿ±ÿØ,5.1M,"Aug 25, 2016"
https://www.youtube.com/watch?v=9JSlz_10Co8,Best Arabic House Music Mix 2017 - Shuffle Dance Video HD,"5,901,341","38,429","2,722",Amulticult,22K,"Aug 25, 2017"
https://www.youtube.com/watch?v=IJHPpTYtIqk,Balti - Ya Lili feat. Hamouda (Official Music Video),"350,643,589","2,492,924","208,922",Thisiz Balti,2.2M,"Oct 28, 2017"
https://www.youtube.com/watch?v=5dWeeUIZFgA,Khaled - C'Est La Vie,"117,221,156","755,910","38,500",KhaledMusicVEVO,402K,"Sep 12, 2012"
https://www.youtube.com/watch?v=QUBvVTNRp4Q,ÿ≠ÿ≥ŸäŸÜ ÿßŸÑÿ¨ÿ≥ŸÖŸä - ÿ®ÿ¥ÿ±ÿ© ÿÆŸäÿ± (ŸÅŸäÿØŸäŸà ŸÉŸÑŸäÿ®) | Hussain Al Jassmi - Boshret Kheir | 2014,"310,188,513",,,Hussain Al Jassmi | ÿ≠ÿ≥ŸäŸÜ ÿßŸÑÿ¨ÿ≥ŸÖŸä,2.2M,"May 16, 2014"
https://www.youtube.com/watch?v=2JOZ-fEuB6c,Yalili ≈üarkƒ±sƒ±  Kore versiyonu,"7,020,925","30,495","4,813",Musa games,22K,"Apr 28, 2018"
https://www.youtube.com/watch?v=ejvpVhvKesM,3 Daqat - Abu Ft. Yousra  ÿ´ŸÑÿßÿ´ ÿØŸÇÿßÿ™ - ÿ£ÿ®Ÿà Ÿà Ÿäÿ≥ÿ±ÿß,"296,050,765","1,490,599","157,803",Abu music,843K,"Oct 12, 2017"
https://www.youtube.com/watch?v=BYKWNazJFpU,Chawki - Tsunami (EXCLUSIVE Music Video) | (ÿ¥ŸàŸÇŸä - ÿ™ÿ≥ŸàŸÜÿßŸÖŸä (ŸÅŸäÿØŸäŸà ŸÉŸÑŸäÿ® ÿ≠ÿµÿ±Ÿä,"115,188,725","663,054","50,894",ChawkiOfficial,719K,"Feb 27, 2016"
https://www.youtube.com/watch?v=EvHW5vBSPjk,Saad Lamjarred - LET GO (EXCLUSIVE Music Video) | (ŸÅŸäÿØŸäŸà ŸÉŸÑŸäÿ® ÿ≠ÿµÿ±Ÿä) LET GO - ÿ≥ÿπÿØ ŸÑŸÖÿ¨ÿ±ÿØ,"137,134,877","1,290,465","131,171",Saad Lamjarred | ÿ≥ÿπÿØ ŸÑŸÖÿ¨ÿ±ÿØ,5.1M,"Aug 8, 2017"
https://www.youtube.com/watch?v=pRpeEdMmmQ0,Shakira - Waka Waka (This Time for Africa) (The Official 2010 FIFA World Cup‚Ñ¢ Song),"1,924,970,147","6,857,170","458,848",Shakira,21M,"Jun 4, 2010"
https://www.youtube.com/watch?v=1Q9jbYlxOs0,ŸÉŸÑŸäÿ® ÿßŸÑÿ∑ŸÑŸÇÿ© ÿßŸÑÿ±Ÿàÿ≥Ÿäÿ© - ÿ£ŸÜÿ≥ ŸÉÿ±ŸäŸÖ Tala2a Clip 2014,"74,153,027","206,410","26,907",ÿ®ÿßÿ®ŸÑŸä ÿ™ŸàŸÑÿ≤ | Publitools,1.2M,"Feb 3, 2014"
https://www.youtube.com/watch?v=cedoBlUvBlI,Era Istrefi - Bonbon (Official Video),"591,783,757","3,050,504","171,294",Ultra Music,13M,"Mar 7, 2016"
https://www.youtube.com/watch?v=9xVp8m0fJSg,Qismat | Full Song | Ammy Virk | Sargun Mehta | Jaani | B Praak | Arvindr Khaira | Speed Records,"126,736,894","1,175,046","46,002",Speed Records,12M,"Jul 17, 2017"
https://www.youtube.com/watch?v=n9tgAybM-Cc,ŸÖÿ≠ŸÖÿØ ÿ±ŸÖÿ∂ÿßŸÜ - ÿ£ŸÇŸàŸâ ŸÉÿßÿ±ÿ™ ŸÅŸä ŸÖÿµÿ± / ÿßŸÑŸÜÿ≥ÿÆÿ© ÿßŸÑŸÉÿßŸÖŸÑÿ© / Mohamed Ramadan AQwa Kart Fe Masr,"15,035,723","114,087","14,696",Mohamed Ramadan,1.6M,"Mar 1, 2018"
https://www.youtube.com/watch?v=lhnmVSB-Rxc,Saad Lamjarred - Ghazali (EXCLUSIVE Music Video) | 2018 | ( ÿ≥ÿπÿØ ŸÑŸÖÿ¨ÿ±ÿØ - ÿ∫ÿ≤ÿßŸÑŸä ( ŸÅŸäÿØŸäŸà ŸÉŸÑŸäÿ® ÿ≠ÿµÿ±ŸäÿßŸã,"101,584,009","1,115,848","149,873",Saad Lamjarred | ÿ≥ÿπÿØ ŸÑŸÖÿ¨ÿ±ÿØ,5.1M,"Mar 9, 2018"
https://www.youtube.com/watch?v=z2bWGwwPG-s,Football◊É Song (Hello) -Adele : Lionel Messi‚óèNeymar Jr,"33,314,130","270,837","15,015",Overlove channel,608K,"May 17, 2017"
https://www.youtube.com/watch?v=t4-Xz_Lt2p4,Silva Gunbardhi ft. Mandi ft. Dafi - Te ka lali shpirt  (Official Video HD),"388,060,693","1,246,241","96,906",ArkivaShqip,2.3M,"Jan 18, 2013"
https://www.youtube.com/watch?v=oW3GwO3VCVo,John Kenza - Wicked [NCS Release],"3,733,335","87,365","1,140",NoCopyrightSounds,17M,"Mar 23, 2017"
https://www.youtube.com/watch?v=PUUvj9CxUYU,ŸÖÿ≠ŸÖÿØ ÿßŸÑÿ≥ÿßŸÑŸÖ - ŸÜÿπŸÖ ÿßŸÜÿ™Ÿá (ÿßŸÑŸÜÿ≥ÿÆÿ© ÿßŸÑÿ£ÿµŸÑŸäÿ©) | 2016 | (Mohamed Alsalim - Naam Enta (EXCLUSIVE Lyric Clip,"178,243,989","715,623","68,520",Mohamed AlSalim | ŸÖÿ≠ŸÖÿØ ÿßŸÑÿ≥ÿßŸÑŸÖ,2.6M,"Dec 28, 2015"
https://www.youtube.com/watch?v=3a0dHSE18QI,"ŸÖŸáÿ±ÿ¨ÿßŸÜ ÿßŸÜÿß ÿßÿµŸÑÿß ÿ¨ÿßŸÖÿØ ŸÖŸÜ ŸÅŸäŸÑŸÖ ÿπÿ®ÿØÿ© ŸÖŸàÿ™ÿ© /- ŸÖÿ≠ŸÖÿØ ÿ±ŸÖÿ∂ÿßŸÜ "" ÿßŸàŸÉÿß Ÿà ÿßŸàÿ±ÿ™Ÿäÿ¨ÿß","32,738,680","79,745","9,824",El Sobky Production - ÿßŸÑÿ≥ÿ®ŸÉŸä,2.4M,"Nov 16, 2012"
https://www.youtube.com/watch?v=vb3ks4WllXA,Jim Yosef - Lights [NCS Release],"10,348,105","94,349","1,423",NoCopyrightSounds,17M,"May 2, 2015"
https://www.youtube.com/watch?v=pzx2M8YTVa8,Tobu & Axero - Two Sides,"347,522","8,782",114,Tobu,960K,"Feb 22, 2016"
https://www.youtube.com/watch?v=Tv6WImqSuxA,JPB - High [NCS Release],"15,125,864","254,836","2,632",NoCopyrightSounds,17M,"Feb 1, 2015"
https://www.youtube.com/watch?v=TYLcOC2E4FQ,Wow! 9 Awesome School Life Hacks YOU SHOULD KNOW,"1,379,865","5,932","1,608",TQT HACKS,269K,"Apr 21, 2018"
https://www.youtube.com/watch?v=HFt6nfI-c3E,DIY Coca Cola F1 Racing Car from Cans,"10,311,170","46,250","5,911",The Q,4.3M,"May 6, 2018"
https://www.youtube.com/watch?v=SKOQRN4l8xg,17 FANTASTICHE CREAZIONI CON I PALLONCINI,"169,938","1,246",140,5 MINUTI CREATIVI,131K,"Jun 3, 2018"
https://www.youtube.com/watch?v=YikemsjJo-o,15 AWESOME LIFE HACKS WITH SOAP,"9,258,825","20,182","7,713",Power Vision,2.2M,"Apr 9, 2018"
https://www.youtube.com/watch?v=PnE07TRseZw,How to Sneak Candy in Class! School Pranks and 15 DIY Edible School Supplies!,"104,355,283","596,248","78,213","SaraBeautyCorner - DIY, Comedy, Makeup, Nail Art",8.5M,"Jan 25, 2018"
https://www.youtube.com/watch?v=6cKFEDVvlDA,7 MINECRAFT GLITCHES!,"3,497,608","22,071","1,872",UnspeakableGaming,4.9M,"Jul 12, 2016"
https://www.youtube.com/watch?v=D3NGXtoY-4s,5 AWESOME BALLOON TRICKS!,"45,691,401","85,289","61,715",Power Vision,2.2M,"Aug 8, 2017"
https://www.youtube.com/watch?v=71BciZEnMgg,"SUPERHERO BABIES MAKE GIANT SAND CASTLE ‚ù§ Spiderman, Hulk & Frozen Elsa Play Doh Cartoons For Kids","20,589,136","43,610","21,001",Doggy Doggy Play Doh Cartoons,7.2M,"Mar 31, 2018"
https://www.youtube.com/watch?v=XEecZVpY4HY,13 LOGIC RIDDLES ONLY THE MOST ATTENTIVE 1% CAN SOLVE,"76,958",769,168,7-Second Riddles,824K,"Jul 5, 2018"
https://www.youtube.com/watch?v=ujxIWx65Aks,3 COLORS OF GLUE SLIME CHALLENGE CHALLENGE MYSTERY WHEEL OF SLIME EDITION,"3,759,222","27,511","8,286",Life with Brothers,2M,"Jun 14, 2018"
https://www.youtube.com/watch?v=AQmRNOLthSs,10 Amazing Unicorn Themed Easy Dessert recipes | DIY Homemade Unicorn Buttercream Cupcakes & More,"36,875,961","149,631","18,288",So Yummy,1.8M,"Feb 21, 2018"
https://www.youtube.com/watch?v=zqca8gMaMAQ,DIY Combine All the Colors Jelly Slime Learn Colors Slime Clay Manicure Marble,"20,021,838","56,094","14,164",PomPom Toys,5.3M,"Oct 18, 2016"
https://www.youtube.com/watch?v=Bme0ERvp7w0,15 AWESOME LIFE HACKS OR CREATIVE IDEAS,"36,368,854","58,867","24,056",SKARINI,130K,"Apr 16, 2018"
https://www.youtube.com/watch?v=RXDaoUZnORY,Best Upcoming Animated Movies Full Trailers (2018) HD,"10,869,241","53,075","4,836",Viral MEDIA,318K,"Apr 6, 2018"
https://www.youtube.com/watch?v=iwOgEyfZVvw,Monica toy (2018): Jack- Jack Playing Balloon - Funny Story Happened (2018),"145,396",347,115,Incredibles TV,,"Jul 4, 2018"
https://www.youtube.com/watch?v=JKDLN6v1D-o,DIY How to Make LAY'S Chips and Coca Cola Vending Machine,"2,335,063","15,204","1,455",Target Engineer,219K,"May 8, 2018"
https://www.youtube.com/watch?v=h7Q1DGw5h4I,5 Secrets You Never Noticed in Disney and Pixar Animated Movies!,"71,183",838,126,Top 5s Finest,2.6M,"Jul 5, 2018"
https://www.youtube.com/watch?v=I4t-p3rRI1A,Colours For Kids To Learn Kinetic Sand Rainbow Bath for Baby #w | Learning Video Collection for Kids,,,,BINBON TOYS,,"on Jun 10, 2018"
https://www.youtube.com/watch?v=HKCKv6OmS0Q,DIY Metal Lego-Style Figures using Gallium,"14,828,768","59,205","6,648",DaveHax,3.9M,"May 23, 2017"
https://www.youtube.com/watch?v=sHT9FaHtdX8,UNCONVENTIONAL Domino Tricks! - Hevesh5 & Kaplamino,"2,335,964","20,721","1,132",Hevesh5,1.8M,"Oct 21, 2017"
https://www.youtube.com/watch?v=FPCz51JPs3c,Extras - INSANE Domino Tricks,"906,555","3,153",111,Hevesh5 Extras,21K,"Nov 10, 2013"
https://www.youtube.com/watch?v=ARM42-eorzE,INSANE Domino Tricks! (Hevesh5 & MillionenDollarBoy),"112,172,457","763,491","28,155",Hevesh5,1.8M,"Nov 10, 2013"
https://www.youtube.com/watch?v=rkU4rEcRU-c,Kids Meet Their Football Heroes and Idols - Beautiful Moments,"1,516,593","8,959",488,Sir Alex,268K,"Feb 13, 2018"
https://www.youtube.com/watch?v=RilPiSVROJ4,HOW TO USE OUR MUSIC (ACTIVITY MUSIC),"10,457",61,7,ActivityMusic,12K,"Mar 26, 2014"
https://www.youtube.com/watch?v=EBOE2_xYg3I,Guinness World Record - Longest domino wall,"9,783,567","36,423","3,027",Sinners Domino Entertainment,232K,"Dec 16, 2012"
https://www.youtube.com/watch?v=dlQadxYNc2s,3000 Bunch O Balloons Kids Inflatable Pool Water Fight Fun Surprise Toys Box Ckn Toys,"55,759,237","70,598","31,622",CKN Toys,7.2M,"Mar 11, 2017"
https://www.youtube.com/watch?v=KvwmJIjntvw,Epic Bean | Episode Compilation 24 | Mr. Bean Cartoon,"7,835,949","21,823","6,107",Mr Bean Cartoon World,1.1M,"Jan 3, 2018"
https://www.youtube.com/watch?v=7BVr6LaC_HQ,Spectacular Domino Rally Stunt Screen Link,"25,161,902","128,110","7,086",FlippyCat,343K,"Jun 6, 2014"
https://www.youtube.com/watch?v=HqwVFXyCfOI,Best of Hevesh5 (8),"11,240,197","79,561","5,357",Hevesh5,1.8M,"Dec 30, 2017"
https://www.youtube.com/watch?v=_U7EHaafoxs,MINECRAFT - Comment faire une maison sur l'eau (ps4),"1,050,835","3,677",453,Littlelo,5.7K,"Apr 11, 2017"
https://www.youtube.com/watch?v=zI_MAdUe1oM,Moon Baby Learn Colors with Wall Paint Funny Story! Popular Kids Songs by Cartoons Sun & Moon,"146,602",450,281,MCX Channel TV,,"Jul 5, 2018"
https://www.youtube.com/watch?v=zSPasbw4A4s,LARVA - COIN TOSS | Larva 2017 | Cartoons For Children | Larva Cartoon | LARVA Official,"14,196,894","39,617","8,711",Larva TUBA,2.9M,"Nov 14, 2017"
https://www.youtube.com/watch?v=I_J3Rknazzs,ÿßŸÉŸÑÿßÿ™ ÿßŸÑÿ¥Ÿàÿßÿ±ÿπ ÿ≠ŸàŸÑ ÿßŸÑÿπÿßŸÑŸÖ - ÿßŸäÿ≥ ŸÉÿ±ŸäŸÖ ÿπŸÑŸâ ÿßŸÑÿµÿßÿ¨ ÿ®ŸÉÿ±ÿßÿ™ ŸÉŸäŸÜÿØÿ± ÿ≥ÿ®ÿ±ÿßŸäÿ≤,"10,978,803","52,564","9,640",ÿßŸÉŸÑÿßÿ™ ÿßŸÑÿ¥Ÿàÿßÿ±ÿπ ÿ≠ŸàŸÑ ÿßŸÑÿπÿßŸÑŸÖ street food ll,263K,"Sep 8, 2017"
https://www.youtube.com/watch?v=8kV_187iPqU,"Domino ScreenLink from Bethany Mota's ""Need You Right Now"" Lyric Video","18,481,395","133,877","5,705",Hevesh5,1.8M,"Feb 21, 2015"
https://www.youtube.com/watch?v=WnTWGdTuWFA,BEST ARCADE GAME JACKPOT EVER! - Arcade Adventures,"5,741,554","31,931","3,050",Arcade Warrior,1.2M,"Oct 28, 2016"
https://www.youtube.com/watch?v=PeZelHaaQKk,·¥¥·¥∞Mr Bean Full Episodes! The Best Cartoons! New Collection 2016 Part 2,"39,596,704","82,979","26,362",Bean Bean Tv,,"Dec 28, 2016"
https://www.youtube.com/watch?v=T56WnaTS-UE,LARVA - YELLOWS LEMON STAND | Larva 2018 | Cartoons For Children | Larva Cartoon | LARVA Official,"15,406,537","41,490","8,959",Larva TUBA,2.9M,"Jan 5, 2018"
https://www.youtube.com/watch?v=BMOy_H7QklA,3 Simple Crafts,"16,211,260","126,357","18,739",TheSurvivorSpanish,1.6M,"Feb 18, 2018"
https://www.youtube.com/watch?v=IXtDChNB3gc,"25,000 Dominoes!!!","73,605,563","469,745","18,069",Hevesh5,1.8M,"Feb 25, 2013"
https://www.youtube.com/watch?v=YCDbiAhxJ4M,"200,000 Dominoes - The Incredible Science Machine","12,967,968","79,995","4,188",Hevesh5,1.8M,"Aug 1, 2015"
https://www.youtube.com/watch?v=0WAtuo-kW4w,"Gravity Falls - In Dominoes (100,000 Dominoes!)","4,328,378","77,086","1,373",TheDominoKing,344K,"Apr 8, 2016"
https://www.youtube.com/watch?v=45VJ87jGoiw,Hair by Mr. Bean of London | Episode 14 | Classic Mr. Bean,"7,823,291","21,881","3,747",Classic Mr Bean,1M,"Jul 4, 2017"
https://www.youtube.com/watch?v=Ars3GhNskYI,Minecraft - Timelapse - Egyptian Oasis,"3,540,431","34,223","1,921",Cia'sMinecraftLab,14K,"Sep 13, 2013"
https://www.youtube.com/watch?v=9LhLjpsstPY,The Exam | Mr. Bean Official,"21,255,391","122,452","6,259",Mr. Bean,8M,"Oct 10, 2012"
https://www.youtube.com/watch?v=T8LCUK4ox24,Colors For Children To Learn With Dump Truck Toys - Learn Colors with Soccer Balls for Kids,,,,BinBin CARS,,"on Mar 22, 2018"
https://www.youtube.com/watch?v=2_cDB2pR6eY,School Open Day | Mr. Bean Official,"7,728,209","15,140","1,566",Mr. Bean,8M,"Dec 17, 2009"
https://www.youtube.com/watch?v=uuUacfGqt-k,Picture Not So Perfect | Funny Clips | Mr Bean Official,"1,920,540","7,755","1,667",Mr. Bean,8M,"Feb 28, 2018"
https://www.youtube.com/watch?v=G8oCqik9A9U,ŸÉÿ±ÿ™ŸàŸÜ ŸÖÿ≥ÿ™ÿ± ÿ®ŸäŸÜ ÿßŸÑÿ¨ÿØŸäÿØ || ŸÖÿ∫ÿ≥ŸÑ ÿßŸÑÿ≥Ÿäÿßÿ±ÿßÿ™ || ÿ≠ŸÑŸÇÿßÿ™ ÿ¨ÿØŸäÿØÿ© HD 2017,"33,239,122","111,866","30,491",Mister Bean Number One Fan in HD - Full Episodes,2.9M,"Dec 8, 2017"
https://www.youtube.com/watch?v=O00C_z856mg,Funny Animals Trolling Babies and Kids # 11|  Funny Babies and Pets,"926,564","4,615",557,Funny Babies and Pets,260K,"May 15, 2018"
https://www.youtube.com/watch?v=_i3bFbHHBNY,7 COOLEST CARS IN THE WORLD,"2,039,297","6,283",747,TechZone,885K,"Dec 9, 2017"
https://www.youtube.com/watch?v=J0cZK1c0wpE,At the Dentist | Mr. Bean Official,"21,891,141","38,363","6,909",Mr. Bean,8M,"Nov 2, 2012"
https://www.youtube.com/watch?v=bS1ePEZZCDY,Sandwich Making | Funny Clip | Mr. Bean Official,"38,502,454","85,465","9,848",Mr. Bean,8M,"Sep 4, 2009"
https://www.youtube.com/watch?v=8pumMR_04R0,Bandar Aur Bakri Ka Khel - Funny Video | Comedy Video From My Phone,"10,610,943","15,530","6,281",People Are Awesome,573K,"Apr 26, 2018"
https://www.youtube.com/watch?v=e_hBkJZnJzM,·¥¥·¥∞ Mr Bean Cartoon Series BEST NEW PLAYLIST 2016 | PART 3,"56,783,801","115,631","36,684",Cartoon Popz,446K,"Aug 29, 2016"
https://www.youtube.com/watch?v=g-Rcsr2C1hM,Jadooi aaina Full - Hindi Story for Children | Panchatantra Kahaniya | Moral Short Stories for Kids,"6,798,611","16,414","5,245",Fairy Toonz Hindi,423K,"Sep 21, 2017"
https://www.youtube.com/watch?v=sOhhtQTNoiU,The FUNNIEST and CUTEST video you'll see today! - TWIN BABIES Adorable Moments,"16,126,454","54,244","8,647",BabiezTV,1.2M,"Jun 3, 2018"
https://www.youtube.com/watch?v=b2rADTIp17Y,"LUV KUSH, SITA MAA IN VALMIKI AASHRAM !! Ramayan !! Total Devotional !!","9,777,243","15,203","7,912",Total Devotional,475K,"Nov 20, 2017"
https://www.youtube.com/watch?v=6lIPvYGex2s,Shopping with Bean | Classic Bean,"6,425,021","22,766","3,107",Classic Mr Bean,1M,"Jan 3, 2018"
https://www.youtube.com/watch?v=te9lO0nbXhk,Eyes Peeled | Funny Clips | Mr Bean Official,"929,000","5,552",479,Mr. Bean,8M,"Jun 1, 2018"
https://www.youtube.com/watch?v=1Jh__l2nylo,GET READY to LAUGH LIKE HELL - Hilarious BABIES and TODDLERS Compilation!,"379,935","2,168",236,MoBro94 Production,161K,"Feb 25, 2018"
https://www.youtube.com/watch?v=z9b6G2S6Jdc,TOP 4 GOLDEN BUZZER America's Got Talent 2018,"14,070,724","128,555","5,914",Len Ken,1.6M,"Jun 20, 2018"
https://www.youtube.com/watch?v=MM62hPoutzc,23 CLEVER HACKS FOR EVERY OCCASION,"23,533,634","128,297","16,904",5-Minute Crafts,25M,"Mar 29, 2018"
https://www.youtube.com/watch?v=yyhHkb2UGFs,SIMON COWELL STOPS Auditions & Gives Them A 2nd Chance to Sing On GOT TALENT ! TOP TALENT,"4,008,087","14,956","2,016",Top Talent,803K,"Nov 13, 2017"
https://www.youtube.com/watch?v=_hmVX8ZHU9s,All Magicians on Britain's Got Talent 2018 | Got Talent Global,"833,661","3,753",360,Magician's Got Talent,80K,"Jun 8, 2018"
https://www.youtube.com/watch?v=z2G6FB8F4ac,Mr Bean - ŸÅŸÑŸÖ ŸÖÿ≥ÿ™ÿ± ÿ®ŸÜ ŸÉÿßŸÖŸÑ,"3,770,146","13,583","2,431",Mister Bean Number One Fan in HD - Full Episodes,2.9M,"Dec 23, 2017"
https://www.youtube.com/watch?v=oBoLdXLx9So,TOP 10 MOST AMAZING POKER HANDS EVER!,"376,070",923,153,FuryTV,54K,"Oct 8, 2017"
https://www.youtube.com/watch?v=l0AQ2Ceh2C0,Freaky Eaters | Meat Addict (Full Episode) | Only Human,"4,705,489","29,541","2,161",Only Human,626K,"Aug 9, 2017"
https://www.youtube.com/watch?v=RyDY0hiMZy8,Mr Bean - Library,"25,319,522","66,371","4,054",Ledio Gurakuqi,17K,"Dec 28, 2006"
https://www.youtube.com/watch?v=Ax7tmaYObIQ,Boogie Storm make Simon‚Äôs dream come true! | Auditions Week 5 | Britain‚Äôs Got Talent 2016,"84,955,736","622,432","17,953",Britain's Got Talent,10M,"May 7, 2016"
https://www.youtube.com/watch?v=DRsvWR48pbw,BEST Magic Show in the world - BEST Magician America's Got Talent,"8,606,276","53,651","1,802",Len Ken,1.6M,"Sep 11, 2016"
https://www.youtube.com/watch?v=Ay4exyBwO1c,"BEST OF THE US! Most Popular Acts on America's Got Talent, X Factor and Idol | Top Talent","70,409",962,61,Top Talent,803K,"Jul 4, 2018"
https://www.youtube.com/watch?v=hjHnWz3EyHs,Spectacular Salsa - Paddy & Nico - Electric Ballroom | Britain's Got Talent 2014,"64,464,874","302,023","11,049",Britain's Got Talent,10M,"Apr 12, 2014"
https://www.youtube.com/watch?v=VqHTqoZqLGY,Britain's Got Talent 2018 | WEEK 1 Auditions | Got Talent Global,"5,257,898","26,285","2,334",Got Talent Global,4.2M,"Apr 20, 2018"
https://www.youtube.com/watch?v=yKToUPOl1Xk,10 MOST VIEWED AUDITIONS OF ALL TIME From Britain's Got Talent!,"25,828,499","218,044","10,926",Top Talent,803K,"Jan 17, 2018"
https://www.youtube.com/watch?v=S7A9WncZ9WY,Girl on Fire Angelica Hale Gets the Guest GOLDEN BUZZER!,"54,773,478","459,514","17,274",Got Talent Global,4.2M,"Jul 20, 2017"
https://www.youtube.com/watch?v=ZZZfJa1U-yI,Acts Who CAME BACK! Part Two | Top Talent,"876,750","8,862",424,Top Talent,803K,"Jun 22, 2018"
https://www.youtube.com/watch?v=Tw4r_gNWesE,Remember One Direction? All 5 Auditions X Factor UK,"7,055,576","91,018","2,927",Len Ken,1.6M,"Nov 24, 2017"
https://www.youtube.com/watch?v=CKBnkchY8Zk,Impersonator DONALD TRUMP Make Judges Can't Stop Laugh | Britain's Got Talent,"9,921,912","178,067","8,364",Len Ken,1.6M,"Apr 22, 2018"
https://www.youtube.com/watch?v=w4AF87gInxY,Jeffrey Li: 13-Year-Old Sings Incredible Rendition Of 'You Raise Me Up' - America's Got Talent 2018,"6,867,307","129,121","2,412",America's Got Talent,7.1M,"Jun 19, 2018"
https://www.youtube.com/watch?v=QqbFTxryeIA,Top 3 Cubic Minecraft Animations | My Best Funny Videos in November 2016,"12,440,921","21,521","4,292",Cubic Animations,516K,"Dec 11, 2016"
https://www.youtube.com/watch?v=QvZUBiVMIzk,POKEMON Play-Doh and MAGIC MICROWAVE Surprise Cooking Playset | Compilation,"12,229,362","44,677","8,322",Toys Unlimited,5.2M,"Oct 15, 2016"
https://www.youtube.com/watch?v=X1zEOa4EMBY,"TOP 16 AMAZING GOT TALENT AUDITIONS WORLDWIDE, Best Ever First Class Acts, AGT - BGT 2017","1,015,760","3,518",500,mike- rayner-videos,78K,"Nov 16, 2017"
https://www.youtube.com/watch?v=rnQkDbHzpkE,Pokemon In Real Life 2018 | Top 25s | All Characters,"8,986,549","47,194","8,234",Top 25s,,"Mar 11, 2018"
https://www.youtube.com/watch?v=hQfgA-yKzPU,When Judges SPLIT GROUPS On X Factor UK! | X Factor Global,"4,442,517","48,426","2,547",X Factor Global,1.2M,"May 9, 2018"
https://www.youtube.com/watch?v=X05fdJQRia8,BIRTHDAY KITTEN SURPRISE! - Ollie‚Äôs 3rd Birthday Special,"31,589,340","108,566","8,512",Daily Bumps,3.5M,"Jul 28, 2016"
https://www.youtube.com/watch?v=nM9Z_zO-9nE,Kick the Buddy With BLOOD | Gameplay Walkthrough | All Appliances,"138,098",877,103,Mr. Chaliche,197K,"Jul 5, 2018"
https://www.youtube.com/watch?v=9AlFeVUm-zI,Little Kitten My Favorite Cat Pet Care - Play Fun Cute Little Kitten Animation Games For Children,"22,527",101,25,mypenpenguin,314K,"Jul 4, 2018"
https://www.youtube.com/watch?v=ZJMr4X5BaeI,Sergeant Cooper the Police Car Part 2 - Real City Heroes (RCH) | Videos For Children,"74,419,863","100,070","35,242",coilbook‚Ñ¢ | Learning For Children,1.7M,"Jan 8, 2017"
https://www.youtube.com/watch?v=F_8htiBjTCY,Babies Choose Their Pok√©mon Starter,"6,369,017","92,983","5,498",ClutchFilmsTV,33K,"Feb 29, 2016"
https://www.youtube.com/watch?v=oMUM-QnqJ6M,Old MacDonald Had a Farm | +More Nursery Rhymes & Kids Songs - ABCkidTV,"15,772,145","53,317","27,997",ABCkidTV - Nursery Rhymes,11M,"May 18, 2018"
https://www.youtube.com/watch?v=9IY65CsFgjE,How to Escape the Giant Fat Guy Obby ?!? / Roblox,"8,427,312","40,858","5,835",ronaldOMG,1.4M,"Sep 3, 2016"
https://www.youtube.com/watch?v=xdsEqdl0lQY,Top 10 Strongest Pokemon Owned By Ash,"5,469,841","37,252","3,806",MysticUmbreon,239K,"Mar 4, 2017"
https://www.youtube.com/watch?v=3gq2DtW9Cl4,LEGO POKEMON FUNNY MOVIE FOR KIDS,"1,748,801","3,352","1,429",Poke Humor,215K,"Sep 19, 2017"
https://www.youtube.com/watch?v=XeONYv5GBoE,FEAR Sawk is THE MOST UNFAIR POKEMON IN THE GAME!,"302,557","3,057","1,097",Verlisify,421K,"Jan 26, 2018"
https://www.youtube.com/watch?v=fPm36uQSr1g,Top 10 Mistyped Pokemon,"1,042,646","23,564",592,Truegreen7,426K,"Jan 17, 2016"
https://www.youtube.com/watch?v=Iyjz9_K6lMw,Pokemon Diorama Figure Re-Ment Miniatures | Candy Toy,"1,176,195","5,722",536,ALPACO,684K,"Apr 19, 2018"
https://www.youtube.com/watch?v=qFRYa_ALvVc,"Pok√©mon: Let's Go, Pikachu! - E3 2018 Gameplay [HD]","758,200","5,124","2,013",GamersPrey,21K,"Jun 12, 2018"
https://www.youtube.com/watch?v=Pq7Jz6GKRyE,Incredibles 2 Kids vs Parents HUGE Game Day McDonalds Unboxing! With Jack Jack and Violet!,"114,465",608,125,TBTV Toy Adventures,268K,"Jul 5, 2018"
https://www.youtube.com/watch?v=f37vwdw0-Jg,What Happens When You Use 5 Rainbow Matter In Pokemon Quest? Pokemon Quest Advanced Cooking Guide,"720,032","5,521","1,521",Verlisify,421K,"Jun 2, 2018"
https://www.youtube.com/watch?v=eQynuCD0NW4,Pok√©mon origins episode 1,"967,581","7,073",401,Gamer Nation,14K,"Jul 2, 2015"
https://www.youtube.com/watch?v=i4PKHk0LL4Q,91-Year-Old Grandma Guesses Pokemon Names,"9,838,522","218,846","6,039",Our Epic Life,36K,"Sep 20, 2017"
